AÑO,SEDE,FACULTAD,CARRERA,SEXO,MATRICULADOS
2017,CIUDAD UNIVERSITARIA TRUJILLO,CIENCIAS AGROPECUARIAS,AGRONOMÍA,FEMENINO,119
2017,CIUDAD UNIVERSITARIA TRUJILLO,CIENCIAS AGROPECUARIAS,AGRONOMÍA,MASCULINO,164
2017,CIUDAD UNIVERSITARIA TRUJILLO,CIENCIAS AGROPECUARIAS,INGENIERÍA AGROINDUSTRIAL,FEMENINO,117
2017,CIUDAD UNIVERSITARIA TRUJILLO,CIENCIAS AGROPECUARIAS,INGENIERÍA AGROINDUSTRIAL,MASCULINO,186
2017,CIUDAD UNIVERSITARIA TRUJILLO,CIENCIAS AGROPECUARIAS,INGENIERÍA AGRÍCOLA,FEMENINO,107
2017,CIUDAD UNIVERSITARIA TRUJILLO,CIENCIAS AGROPECUARIAS,INGENIERÍA AGRÍCOLA,MASCULINO,169
2017,CIUDAD UNIVERSITARIA TRUJILLO,CIENCIAS AGROPECUARIAS,ZOOTECNIA,FEMENINO,134
2017,CIUDAD UNIVERSITARIA TRUJILLO,CIENCIAS AGROPECUARIAS,ZOOTECNIA,MASCULINO,138
2017,CIUDAD UNIVERSITARIA TRUJILLO,CIENCIAS BIOLOGICAS,CIENCIAS BIOLÓGICAS,FEMENINO,218
2017,CIUDAD UNIVERSITARIA TRUJILLO,CIENCIAS BIOLOGICAS,CIENCIAS BIOLÓGICAS,MASCULINO,128
2017,CIUDAD UNIVERSITARIA TRUJILLO,CIENCIAS BIOLOGICAS,MICROBIOLOGÍA Y PARASITOLOGÍA,FEMENINO,167
2017,CIUDAD UNIVERSITARIA TRUJILLO,CIENCIAS BIOLOGICAS,MICROBIOLOGÍA Y PARASITOLOGÍA,MASCULINO,93
2017,CIUDAD UNIVERSITARIA TRUJILLO,CIENCIAS BIOLOGICAS,PESQUERÍA,FEMENINO,60
2017,CIUDAD UNIVERSITARIA TRUJILLO,CIENCIAS BIOLOGICAS,PESQUERÍA,MASCULINO,88
2017,CIUDAD UNIVERSITARIA TRUJILLO,CIENCIAS ECONOMICAS,ADMINISTRACIÓN,FEMENINO,311
2017,CIUDAD UNIVERSITARIA TRUJILLO,CIENCIAS ECONOMICAS,ADMINISTRACIÓN,MASCULINO,228
2017,CIUDAD UNIVERSITARIA TRUJILLO,CIENCIAS ECONOMICAS,CONTABILIDAD Y FINANZAS,FEMENINO,376
2017,CIUDAD UNIVERSITARIA TRUJILLO,CIENCIAS ECONOMICAS,CONTABILIDAD Y FINANZAS,MASCULINO,234
2017,CIUDAD UNIVERSITARIA TRUJILLO,CIENCIAS ECONOMICAS,ECONOMÍA,FEMENINO,273
2017,CIUDAD UNIVERSITARIA TRUJILLO,CIENCIAS ECONOMICAS,ECONOMÍA,MASCULINO,294
2017,CIUDAD UNIVERSITARIA TRUJILLO,CIENCIAS FISICAS Y MATEMATICAS,FÍSICA,FEMENINO,9
2017,CIUDAD UNIVERSITARIA TRUJILLO,CIENCIAS FISICAS Y MATEMATICAS,FÍSICA,MASCULINO,82
2017,CIUDAD UNIVERSITARIA TRUJILLO,CIENCIAS FISICAS Y MATEMATICAS,INGENIERÍA ESTADÍSTICA,FEMENINO,63
2017,CIUDAD UNIVERSITARIA TRUJILLO,CIENCIAS FISICAS Y MATEMATICAS,INGENIERÍA ESTADÍSTICA,MASCULINO,108
2017,CIUDAD UNIVERSITARIA TRUJILLO,CIENCIAS FISICAS Y MATEMATICAS,INGENIERÍA INFORMÁTICA,FEMENINO,55
2017,CIUDAD UNIVERSITARIA TRUJILLO,CIENCIAS FISICAS Y MATEMATICAS,INGENIERÍA INFORMÁTICA,MASCULINO,298
2017,CIUDAD UNIVERSITARIA TRUJILLO,CIENCIAS FISICAS Y MATEMATICAS,MATEMÁTICA,FEMENINO,18
2017,CIUDAD UNIVERSITARIA TRUJILLO,CIENCIAS FISICAS Y MATEMATICAS,MATEMÁTICA,MASCULINO,63
2017,CIUDAD UNIVERSITARIA TRUJILLO,CIENCIAS SOCIALES,ANTROPOLOGÍA,FEMENINO,155
2017,CIUDAD UNIVERSITARIA TRUJILLO,CIENCIAS SOCIALES,ANTROPOLOGÍA,MASCULINO,54
2017,CIUDAD UNIVERSITARIA TRUJILLO,CIENCIAS SOCIALES,ARQUEOLOGÍA,FEMENINO,112
2017,CIUDAD UNIVERSITARIA TRUJILLO,CIENCIAS SOCIALES,ARQUEOLOGÍA,MASCULINO,87
2017,CIUDAD UNIVERSITARIA TRUJILLO,CIENCIAS SOCIALES,HISTORIA,FEMENINO,32
2017,CIUDAD UNIVERSITARIA TRUJILLO,CIENCIAS SOCIALES,HISTORIA,MASCULINO,46
2017,CIUDAD UNIVERSITARIA TRUJILLO,CIENCIAS SOCIALES,TRABAJO SOCIAL,FEMENINO,293
2017,CIUDAD UNIVERSITARIA TRUJILLO,CIENCIAS SOCIALES,TRABAJO SOCIAL,MASCULINO,6
2017,CIUDAD UNIVERSITARIA TRUJILLO,CIENCIAS SOCIALES,TURISMO,FEMENINO,224
2017,CIUDAD UNIVERSITARIA TRUJILLO,CIENCIAS SOCIALES,TURISMO,MASCULINO,73
2017,CIUDAD UNIVERSITARIA TRUJILLO,DERECHO,CIENCIA POLÍTICA Y GOBERNABILIDAD,FEMENINO,123
2017,CIUDAD UNIVERSITARIA TRUJILLO,DERECHO,CIENCIA POLÍTICA Y GOBERNABILIDAD,MASCULINO,82
2017,CIUDAD UNIVERSITARIA TRUJILLO,DERECHO,DERECHO Y CIENCIAS POLÍTICAS,FEMENINO,484
2017,CIUDAD UNIVERSITARIA TRUJILLO,DERECHO,DERECHO Y CIENCIAS POLÍTICAS,MASCULINO,314
2017,CIUDAD UNIVERSITARIA TRUJILLO,EDUCACION Y CIENCIAS DE LA COMUNICACION,CIENCIAS DE LA COMUNICACIÓN,FEMENINO,177
2017,CIUDAD UNIVERSITARIA TRUJILLO,EDUCACION Y CIENCIAS DE LA COMUNICACION,CIENCIAS DE LA COMUNICACIÓN,MASCULINO,127
2017,CIUDAD UNIVERSITARIA TRUJILLO,EDUCACION Y CIENCIAS DE LA COMUNICACION,EDUCACIÓN INICIAL,FEMENINO,238
2017,CIUDAD UNIVERSITARIA TRUJILLO,EDUCACION Y CIENCIAS DE LA COMUNICACION,EDUCACIÓN PRIMARIA,FEMENINO,189
2017,CIUDAD UNIVERSITARIA TRUJILLO,EDUCACION Y CIENCIAS DE LA COMUNICACION,EDUCACIÓN PRIMARIA,MASCULINO,16
2017,CIUDAD UNIVERSITARIA TRUJILLO,EDUCACION Y CIENCIAS DE LA COMUNICACION,EDUCACIÓN SECUNDARIA - MENCIÓN EN IDIOMAS - INGLÉS FRANCÉS O INGLÉS ALEMÁN,FEMENINO,178
2017,CIUDAD UNIVERSITARIA TRUJILLO,EDUCACION Y CIENCIAS DE LA COMUNICACION,EDUCACIÓN SECUNDARIA - MENCIÓN EN IDIOMAS - INGLÉS FRANCÉS O INGLÉS ALEMÁN,MASCULINO,42
2017,CIUDAD UNIVERSITARIA TRUJILLO,EDUCACION Y CIENCIAS DE LA COMUNICACION,EDUCACIÓN SECUNDARIA - MENCIÓN LENGUA Y LITERATURA,FEMENINO,123
2017,CIUDAD UNIVERSITARIA TRUJILLO,EDUCACION Y CIENCIAS DE LA COMUNICACION,EDUCACIÓN SECUNDARIA - MENCIÓN LENGUA Y LITERATURA,MASCULINO,69
2017,CIUDAD UNIVERSITARIA TRUJILLO,EDUCACION Y CIENCIAS DE LA COMUNICACION,EDUCACIÓN SECUNDARIA CON MENCIÓN EN CIENCIAS NATURALES-FÍSICA-QUÍMICA Y BIOLOGÍA,FEMENINO,1
2017,CIUDAD UNIVERSITARIA TRUJILLO,EDUCACION Y CIENCIAS DE LA COMUNICACION,EDUCACIÓN SECUNDARIA CON MENCIÓN EN CIENCIAS NATURALES-FÍSICA-QUÍMICA Y BIOLOGÍA,MASCULINO,2
2017,CIUDAD UNIVERSITARIA TRUJILLO,EDUCACION Y CIENCIAS DE LA COMUNICACION,EDUCACIÓN SECUNDARIA CON MENCIÓN EN FILOSOFÍA - PSICOLOGÍA Y CIENCIAS SOCIALES,FEMENINO,89
2017,CIUDAD UNIVERSITARIA TRUJILLO,EDUCACION Y CIENCIAS DE LA COMUNICACION,EDUCACIÓN SECUNDARIA CON MENCIÓN EN FILOSOFÍA - PSICOLOGÍA Y CIENCIAS SOCIALES,MASCULINO,53
2017,CIUDAD UNIVERSITARIA TRUJILLO,EDUCACION Y CIENCIAS DE LA COMUNICACION,EDUCACIÓN SECUNDARIA CON MENCIÓN EN HISTORIA Y GEOGRAFÍA,FEMENINO,46
2017,CIUDAD UNIVERSITARIA TRUJILLO,EDUCACION Y CIENCIAS DE LA COMUNICACION,EDUCACIÓN SECUNDARIA CON MENCIÓN EN HISTORIA Y GEOGRAFÍA,MASCULINO,71
2017,CIUDAD UNIVERSITARIA TRUJILLO,EDUCACION Y CIENCIAS DE LA COMUNICACION,EDUCACIÓN SECUNDARIA MENCIÓN EN CIENCIAS MATEMÁTICAS,FEMENINO,24
2017,CIUDAD UNIVERSITARIA TRUJILLO,EDUCACION Y CIENCIAS DE LA COMUNICACION,EDUCACIÓN SECUNDARIA MENCIÓN EN CIENCIAS MATEMÁTICAS,MASCULINO,40
2017,CIUDAD UNIVERSITARIA TRUJILLO,ENFERMERIA,ENFERMERÍA,FEMENINO,362
2017,CIUDAD UNIVERSITARIA TRUJILLO,ENFERMERIA,ENFERMERÍA,MASCULINO,10
2017,CIUDAD UNIVERSITARIA TRUJILLO,ESTOMATOLOGIA,ESTOMATOLOGÍA,FEMENINO,79
2017,CIUDAD UNIVERSITARIA TRUJILLO,ESTOMATOLOGIA,ESTOMATOLOGÍA,MASCULINO,54
2017,CIUDAD UNIVERSITARIA TRUJILLO,FARMACIA Y BIOQUIMICA,FARMACIA Y BIOQUÍMICA,FEMENINO,463
2017,CIUDAD UNIVERSITARIA TRUJILLO,FARMACIA Y BIOQUIMICA,FARMACIA Y BIOQUÍMICA,MASCULINO,244
2017,CIUDAD UNIVERSITARIA TRUJILLO,INGENIERIA,ARQUITECTURA Y URBANISMO,FEMENINO,132
2017,CIUDAD UNIVERSITARIA TRUJILLO,INGENIERIA,ARQUITECTURA Y URBANISMO,MASCULINO,143
2017,CIUDAD UNIVERSITARIA TRUJILLO,INGENIERIA,INGENIERÍA CIVIL,FEMENINO,28
2017,CIUDAD UNIVERSITARIA TRUJILLO,INGENIERIA,INGENIERÍA CIVIL,MASCULINO,238
2017,CIUDAD UNIVERSITARIA TRUJILLO,INGENIERIA,INGENIERÍA DE MATERIALES,FEMENINO,74
2017,CIUDAD UNIVERSITARIA TRUJILLO,INGENIERIA,INGENIERÍA DE MATERIALES,MASCULINO,216
2017,CIUDAD UNIVERSITARIA TRUJILLO,INGENIERIA,INGENIERÍA DE MINAS,FEMENINO,15
2017,CIUDAD UNIVERSITARIA TRUJILLO,INGENIERIA,INGENIERÍA DE MINAS,MASCULINO,240
2017,CIUDAD UNIVERSITARIA TRUJILLO,INGENIERIA,INGENIERÍA DE SISTEMAS,FEMENINO,41
2017,CIUDAD UNIVERSITARIA TRUJILLO,INGENIERIA,INGENIERÍA DE SISTEMAS,MASCULINO,221
2017,CIUDAD UNIVERSITARIA TRUJILLO,INGENIERIA,INGENIERÍA INDUSTRIAL,FEMENINO,164
2017,CIUDAD UNIVERSITARIA TRUJILLO,INGENIERIA,INGENIERÍA INDUSTRIAL,MASCULINO,397
2017,CIUDAD UNIVERSITARIA TRUJILLO,INGENIERIA,INGENIERÍA MECATRÓNICA,FEMENINO,7
2017,CIUDAD UNIVERSITARIA TRUJILLO,INGENIERIA,INGENIERÍA MECATRÓNICA,MASCULINO,224
2017,CIUDAD UNIVERSITARIA TRUJILLO,INGENIERIA,INGENIERÍA MECÁNICA,FEMENINO,3
2017,CIUDAD UNIVERSITARIA TRUJILLO,INGENIERIA,INGENIERÍA MECÁNICA,MASCULINO,339
2017,CIUDAD UNIVERSITARIA TRUJILLO,INGENIERIA,INGENIERÍA METALÚRGICA,FEMENINO,37
2017,CIUDAD UNIVERSITARIA TRUJILLO,INGENIERIA,INGENIERÍA METALÚRGICA,MASCULINO,261
2017,CIUDAD UNIVERSITARIA TRUJILLO,INGENIERIA QUIMICA,INGENIERÍA AMBIENTAL,FEMENINO,162
2017,CIUDAD UNIVERSITARIA TRUJILLO,INGENIERIA QUIMICA,INGENIERÍA AMBIENTAL,MASCULINO,167
2017,CIUDAD UNIVERSITARIA TRUJILLO,INGENIERIA QUIMICA,INGENIERÍA QUÍMICA,FEMENINO,174
2017,CIUDAD UNIVERSITARIA TRUJILLO,INGENIERIA QUIMICA,INGENIERÍA QUÍMICA,MASCULINO,316
2017,CIUDAD UNIVERSITARIA TRUJILLO,MEDICINA,MEDICINA,FEMENINO,241
2017,CIUDAD UNIVERSITARIA TRUJILLO,MEDICINA,MEDICINA,MASCULINO,470
2017,SEDE DE OTUZCO,CIENCIAS AGROPECUARIAS,AGRONOMÍA,FEMENINO,1
2017,SEDE DE OTUZCO,CIENCIAS AGROPECUARIAS,AGRONOMÍA,MASCULINO,5
2017,SEDE HUAMACHUCO,CIENCIAS AGROPECUARIAS,INGENIERÍA AGROINDUSTRIAL,FEMENINO,69
2017,SEDE HUAMACHUCO,CIENCIAS AGROPECUARIAS,INGENIERÍA AGROINDUSTRIAL,MASCULINO,98
2017,SEDE HUAMACHUCO,CIENCIAS ECONOMICAS,ADMINISTRACIÓN,FEMENINO,159
2017,SEDE HUAMACHUCO,CIENCIAS ECONOMICAS,ADMINISTRACIÓN,MASCULINO,95
2017,SEDE HUAMACHUCO,ENFERMERIA,ENFERMERÍA,FEMENINO,123
2017,SEDE HUAMACHUCO,ENFERMERIA,ENFERMERÍA,MASCULINO,20
2017,SEDE HUAMACHUCO,INGENIERIA,INGENIERÍA DE MINAS,FEMENINO,36
2017,SEDE HUAMACHUCO,INGENIERIA,INGENIERÍA DE MINAS,MASCULINO,151
2017,SEDE SANTIAGO DE CHUCO,CIENCIAS AGROPECUARIAS,AGRONOMÍA,FEMENINO,28
2017,SEDE SANTIAGO DE CHUCO,CIENCIAS AGROPECUARIAS,AGRONOMÍA,MASCULINO,33
2017,SEDE SANTIAGO DE CHUCO,INGENIERIA QUIMICA,INGENIERÍA AMBIENTAL,FEMENINO,49
2017,SEDE SANTIAGO DE CHUCO,INGENIERIA QUIMICA,INGENIERÍA AMBIENTAL,MASCULINO,58
2017,SEDE VALLE JEQUETEPEQUE,CIENCIAS AGROPECUARIAS,AGRONOMÍA,FEMENINO,33
2017,SEDE VALLE JEQUETEPEQUE,CIENCIAS AGROPECUARIAS,AGRONOMÍA,MASCULINO,26
2017,SEDE VALLE JEQUETEPEQUE,CIENCIAS AGROPECUARIAS,INGENIERÍA AGROINDUSTRIAL,FEMENINO,80
2017,SEDE VALLE JEQUETEPEQUE,CIENCIAS AGROPECUARIAS,INGENIERÍA AGROINDUSTRIAL,MASCULINO,103
2017,SEDE VALLE JEQUETEPEQUE,CIENCIAS AGROPECUARIAS,ZOOTECNIA,FEMENINO,1
2017,SEDE VALLE JEQUETEPEQUE,CIENCIAS ECONOMICAS,ADMINISTRACIÓN,FEMENINO,167
2017,SEDE VALLE JEQUETEPEQUE,CIENCIAS ECONOMICAS,ADMINISTRACIÓN,MASCULINO,99
2017,SEDE VALLE JEQUETEPEQUE,CIENCIAS ECONOMICAS,CONTABILIDAD Y FINANZAS,FEMENINO,163
2017,SEDE VALLE JEQUETEPEQUE,CIENCIAS ECONOMICAS,CONTABILIDAD Y FINANZAS,MASCULINO,77
2017,SEDE VALLE JEQUETEPEQUE,CIENCIAS FISICAS Y MATEMATICAS,INGENIERÍA INFORMÁTICA,FEMENINO,23
2017,SEDE VALLE JEQUETEPEQUE,CIENCIAS FISICAS Y MATEMATICAS,INGENIERÍA INFORMÁTICA,MASCULINO,41
2017,SEDE VALLE JEQUETEPEQUE,CIENCIAS SOCIALES,TRABAJO SOCIAL,FEMENINO,197
2017,SEDE VALLE JEQUETEPEQUE,CIENCIAS SOCIALES,TRABAJO SOCIAL,MASCULINO,5
2017,SEDE VALLE JEQUETEPEQUE,ENFERMERIA,ENFERMERÍA,FEMENINO,142
2017,SEDE VALLE JEQUETEPEQUE,ENFERMERIA,ENFERMERÍA,MASCULINO,12
2017,SEDE VALLE JEQUETEPEQUE,INGENIERIA,INGENIERÍA DE SISTEMAS,FEMENINO,54
2017,SEDE VALLE JEQUETEPEQUE,INGENIERIA,INGENIERÍA DE SISTEMAS,MASCULINO,131
2017,SEDE VALLE JEQUETEPEQUE,INGENIERIA,INGENIERÍA INDUSTRIAL,FEMENINO,94
2017,SEDE VALLE JEQUETEPEQUE,INGENIERIA,INGENIERÍA INDUSTRIAL,MASCULINO,124
2017,SEDE VALLE JEQUETEPEQUE,INGENIERIA,INGENIERÍA MECÁNICA,FEMENINO,3
2017,SEDE VALLE JEQUETEPEQUE,INGENIERIA,INGENIERÍA MECÁNICA,MASCULINO,153
2018,CIUDAD UNIVERSITARIA TRUJILLO,CIENCIAS AGROPECUARIAS,AGRONOMÍA,FEMENINO,126
2018,CIUDAD UNIVERSITARIA TRUJILLO,CIENCIAS AGROPECUARIAS,AGRONOMÍA,MASCULINO,166
2018,CIUDAD UNIVERSITARIA TRUJILLO,CIENCIAS AGROPECUARIAS,INGENIERÍA AGROINDUSTRIAL,FEMENINO,119
2018,CIUDAD UNIVERSITARIA TRUJILLO,CIENCIAS AGROPECUARIAS,INGENIERÍA AGROINDUSTRIAL,MASCULINO,190
2018,CIUDAD UNIVERSITARIA TRUJILLO,CIENCIAS AGROPECUARIAS,INGENIERÍA AGRÍCOLA,FEMENINO,83
2018,CIUDAD UNIVERSITARIA TRUJILLO,CIENCIAS AGROPECUARIAS,INGENIERÍA AGRÍCOLA,MASCULINO,159
2018,CIUDAD UNIVERSITARIA TRUJILLO,CIENCIAS AGROPECUARIAS,ZOOTECNIA,FEMENINO,121
2018,CIUDAD UNIVERSITARIA TRUJILLO,CIENCIAS AGROPECUARIAS,ZOOTECNIA,MASCULINO,119
2018,CIUDAD UNIVERSITARIA TRUJILLO,CIENCIAS BIOLOGICAS,CIENCIAS BIOLÓGICAS,FEMENINO,199
2018,CIUDAD UNIVERSITARIA TRUJILLO,CIENCIAS BIOLOGICAS,CIENCIAS BIOLÓGICAS,MASCULINO,129
2018,CIUDAD UNIVERSITARIA TRUJILLO,CIENCIAS BIOLOGICAS,MICROBIOLOGÍA Y PARASITOLOGÍA,FEMENINO,169
2018,CIUDAD UNIVERSITARIA TRUJILLO,CIENCIAS BIOLOGICAS,MICROBIOLOGÍA Y PARASITOLOGÍA,MASCULINO,86
2018,CIUDAD UNIVERSITARIA TRUJILLO,CIENCIAS BIOLOGICAS,PESQUERÍA,FEMENINO,54
2018,CIUDAD UNIVERSITARIA TRUJILLO,CIENCIAS BIOLOGICAS,PESQUERÍA,MASCULINO,91
2018,CIUDAD UNIVERSITARIA TRUJILLO,CIENCIAS ECONOMICAS,ADMINISTRACIÓN,FEMENINO,307
2018,CIUDAD UNIVERSITARIA TRUJILLO,CIENCIAS ECONOMICAS,ADMINISTRACIÓN,MASCULINO,218
2018,CIUDAD UNIVERSITARIA TRUJILLO,CIENCIAS ECONOMICAS,CONTABILIDAD Y FINANZAS,FEMENINO,372
2018,CIUDAD UNIVERSITARIA TRUJILLO,CIENCIAS ECONOMICAS,CONTABILIDAD Y FINANZAS,MASCULINO,227
2018,CIUDAD UNIVERSITARIA TRUJILLO,CIENCIAS ECONOMICAS,ECONOMÍA,FEMENINO,248
2018,CIUDAD UNIVERSITARIA TRUJILLO,CIENCIAS ECONOMICAS,ECONOMÍA,MASCULINO,284
2018,CIUDAD UNIVERSITARIA TRUJILLO,CIENCIAS FISICAS Y MATEMATICAS,FÍSICA,FEMENINO,6
2018,CIUDAD UNIVERSITARIA TRUJILLO,CIENCIAS FISICAS Y MATEMATICAS,FÍSICA,MASCULINO,78
2018,CIUDAD UNIVERSITARIA TRUJILLO,CIENCIAS FISICAS Y MATEMATICAS,INGENIERÍA ESTADÍSTICA,FEMENINO,58
2018,CIUDAD UNIVERSITARIA TRUJILLO,CIENCIAS FISICAS Y MATEMATICAS,INGENIERÍA ESTADÍSTICA,MASCULINO,104
2018,CIUDAD UNIVERSITARIA TRUJILLO,CIENCIAS FISICAS Y MATEMATICAS,INGENIERÍA INFORMÁTICA,FEMENINO,49
2018,CIUDAD UNIVERSITARIA TRUJILLO,CIENCIAS FISICAS Y MATEMATICAS,INGENIERÍA INFORMÁTICA,MASCULINO,258
2018,CIUDAD UNIVERSITARIA TRUJILLO,CIENCIAS FISICAS Y MATEMATICAS,MATEMÁTICA,FEMENINO,9
2018,CIUDAD UNIVERSITARIA TRUJILLO,CIENCIAS FISICAS Y MATEMATICAS,MATEMÁTICA,MASCULINO,70
2018,CIUDAD UNIVERSITARIA TRUJILLO,CIENCIAS SOCIALES,ANTROPOLOGÍA,FEMENINO,143
2018,CIUDAD UNIVERSITARIA TRUJILLO,CIENCIAS SOCIALES,ANTROPOLOGÍA,MASCULINO,61
2018,CIUDAD UNIVERSITARIA TRUJILLO,CIENCIAS SOCIALES,ARQUEOLOGÍA,FEMENINO,91
2018,CIUDAD UNIVERSITARIA TRUJILLO,CIENCIAS SOCIALES,ARQUEOLOGÍA,MASCULINO,68
2018,CIUDAD UNIVERSITARIA TRUJILLO,CIENCIAS SOCIALES,HISTORIA,FEMENINO,32
2018,CIUDAD UNIVERSITARIA TRUJILLO,CIENCIAS SOCIALES,HISTORIA,MASCULINO,49
2018,CIUDAD UNIVERSITARIA TRUJILLO,CIENCIAS SOCIALES,TRABAJO SOCIAL,FEMENINO,292
2018,CIUDAD UNIVERSITARIA TRUJILLO,CIENCIAS SOCIALES,TRABAJO SOCIAL,MASCULINO,5
2018,CIUDAD UNIVERSITARIA TRUJILLO,CIENCIAS SOCIALES,TURISMO,FEMENINO,200
2018,CIUDAD UNIVERSITARIA TRUJILLO,CIENCIAS SOCIALES,TURISMO,MASCULINO,68
2018,CIUDAD UNIVERSITARIA TRUJILLO,DERECHO,CIENCIA POLÍTICA Y GOBERNABILIDAD,FEMENINO,124
2018,CIUDAD UNIVERSITARIA TRUJILLO,DERECHO,CIENCIA POLÍTICA Y GOBERNABILIDAD,MASCULINO,85
2018,CIUDAD UNIVERSITARIA TRUJILLO,DERECHO,DERECHO Y CIENCIAS POLÍTICAS,FEMENINO,474
2018,CIUDAD UNIVERSITARIA TRUJILLO,DERECHO,DERECHO Y CIENCIAS POLÍTICAS,MASCULINO,295
2018,CIUDAD UNIVERSITARIA TRUJILLO,EDUCACION Y CIENCIAS DE LA COMUNICACION,CIENCIAS DE LA COMUNICACIÓN,FEMENINO,145
2018,CIUDAD UNIVERSITARIA TRUJILLO,EDUCACION Y CIENCIAS DE LA COMUNICACION,CIENCIAS DE LA COMUNICACIÓN,MASCULINO,109
2018,CIUDAD UNIVERSITARIA TRUJILLO,EDUCACION Y CIENCIAS DE LA COMUNICACION,EDUCACIÓN INICIAL,FEMENINO,223
2018,CIUDAD UNIVERSITARIA TRUJILLO,EDUCACION Y CIENCIAS DE LA COMUNICACION,EDUCACIÓN PRIMARIA,FEMENINO,185
2018,CIUDAD UNIVERSITARIA TRUJILLO,EDUCACION Y CIENCIAS DE LA COMUNICACION,EDUCACIÓN PRIMARIA,MASCULINO,17
2018,CIUDAD UNIVERSITARIA TRUJILLO,EDUCACION Y CIENCIAS DE LA COMUNICACION,EDUCACIÓN SECUNDARIA - MENCIÓN EN IDIOMAS - INGLÉS FRANCÉS O INGLÉS ALEMÁN,FEMENINO,29
2018,CIUDAD UNIVERSITARIA TRUJILLO,EDUCACION Y CIENCIAS DE LA COMUNICACION,EDUCACIÓN SECUNDARIA - MENCIÓN EN IDIOMAS - INGLÉS FRANCÉS O INGLÉS ALEMÁN,MASCULINO,11
2018,CIUDAD UNIVERSITARIA TRUJILLO,EDUCACION Y CIENCIAS DE LA COMUNICACION,EDUCACIÓN SECUNDARIA - MENCIÓN LENGUA Y LITERATURA,FEMENINO,24
2018,CIUDAD UNIVERSITARIA TRUJILLO,EDUCACION Y CIENCIAS DE LA COMUNICACION,EDUCACIÓN SECUNDARIA - MENCIÓN LENGUA Y LITERATURA,MASCULINO,18
2018,CIUDAD UNIVERSITARIA TRUJILLO,EDUCACION Y CIENCIAS DE LA COMUNICACION,EDUCACIÓN SECUNDARIA CON MENCIÓN EN FILOSOFÍA - PSICOLOGÍA Y CIENCIAS SOCIALES,FEMENINO,20
2018,CIUDAD UNIVERSITARIA TRUJILLO,EDUCACION Y CIENCIAS DE LA COMUNICACION,EDUCACIÓN SECUNDARIA CON MENCIÓN EN FILOSOFÍA - PSICOLOGÍA Y CIENCIAS SOCIALES,MASCULINO,11
2018,CIUDAD UNIVERSITARIA TRUJILLO,EDUCACION Y CIENCIAS DE LA COMUNICACION,EDUCACIÓN SECUNDARIA CON MENCIÓN EN HISTORIA Y GEOGRAFÍA,FEMENINO,11
2018,CIUDAD UNIVERSITARIA TRUJILLO,EDUCACION Y CIENCIAS DE LA COMUNICACION,EDUCACIÓN SECUNDARIA CON MENCIÓN EN HISTORIA Y GEOGRAFÍA,MASCULINO,17
2018,CIUDAD UNIVERSITARIA TRUJILLO,EDUCACION Y CIENCIAS DE LA COMUNICACION,EDUCACIÓN SECUNDARIA MENCIÓN EN CIENCIAS MATEMÁTICAS,FEMENINO,6
2018,CIUDAD UNIVERSITARIA TRUJILLO,EDUCACION Y CIENCIAS DE LA COMUNICACION,EDUCACIÓN SECUNDARIA MENCIÓN EN CIENCIAS MATEMÁTICAS,MASCULINO,5
2018,CIUDAD UNIVERSITARIA TRUJILLO,ENFERMERIA,ENFERMERÍA,FEMENINO,309
2018,CIUDAD UNIVERSITARIA TRUJILLO,ENFERMERIA,ENFERMERÍA,MASCULINO,15
2018,CIUDAD UNIVERSITARIA TRUJILLO,ESTOMATOLOGIA,ESTOMATOLOGÍA,FEMENINO,72
2018,CIUDAD UNIVERSITARIA TRUJILLO,ESTOMATOLOGIA,ESTOMATOLOGÍA,MASCULINO,44
2018,CIUDAD UNIVERSITARIA TRUJILLO,FARMACIA Y BIOQUIMICA,FARMACIA Y BIOQUÍMICA,FEMENINO,386
2018,CIUDAD UNIVERSITARIA TRUJILLO,FARMACIA Y BIOQUIMICA,FARMACIA Y BIOQUÍMICA,MASCULINO,197
2018,CIUDAD UNIVERSITARIA TRUJILLO,INGENIERIA,ARQUITECTURA Y URBANISMO,FEMENINO,140
2018,CIUDAD UNIVERSITARIA TRUJILLO,INGENIERIA,ARQUITECTURA Y URBANISMO,MASCULINO,158
2018,CIUDAD UNIVERSITARIA TRUJILLO,INGENIERIA,INGENIERÍA CIVIL,FEMENINO,23
2018,CIUDAD UNIVERSITARIA TRUJILLO,INGENIERIA,INGENIERÍA CIVIL,MASCULINO,239
2018,CIUDAD UNIVERSITARIA TRUJILLO,INGENIERIA,INGENIERÍA DE MATERIALES,FEMENINO,65
2018,CIUDAD UNIVERSITARIA TRUJILLO,INGENIERIA,INGENIERÍA DE MATERIALES,MASCULINO,194
2018,CIUDAD UNIVERSITARIA TRUJILLO,INGENIERIA,INGENIERÍA DE MINAS,FEMENINO,14
2018,CIUDAD UNIVERSITARIA TRUJILLO,INGENIERIA,INGENIERÍA DE MINAS,MASCULINO,232
2018,CIUDAD UNIVERSITARIA TRUJILLO,INGENIERIA,INGENIERÍA DE SISTEMAS,FEMENINO,37
2018,CIUDAD UNIVERSITARIA TRUJILLO,INGENIERIA,INGENIERÍA DE SISTEMAS,MASCULINO,210
2018,CIUDAD UNIVERSITARIA TRUJILLO,INGENIERIA,INGENIERÍA INDUSTRIAL,FEMENINO,163
2018,CIUDAD UNIVERSITARIA TRUJILLO,INGENIERIA,INGENIERÍA INDUSTRIAL,MASCULINO,394
2018,CIUDAD UNIVERSITARIA TRUJILLO,INGENIERIA,INGENIERÍA MECATRÓNICA,FEMENINO,8
2018,CIUDAD UNIVERSITARIA TRUJILLO,INGENIERIA,INGENIERÍA MECATRÓNICA,MASCULINO,231
2018,CIUDAD UNIVERSITARIA TRUJILLO,INGENIERIA,INGENIERÍA MECÁNICA,FEMENINO,7
2018,CIUDAD UNIVERSITARIA TRUJILLO,INGENIERIA,INGENIERÍA MECÁNICA,MASCULINO,311
2018,CIUDAD UNIVERSITARIA TRUJILLO,INGENIERIA,INGENIERÍA METALÚRGICA,FEMENINO,32
2018,CIUDAD UNIVERSITARIA TRUJILLO,INGENIERIA,INGENIERÍA METALÚRGICA,MASCULINO,234
2018,CIUDAD UNIVERSITARIA TRUJILLO,INGENIERIA QUIMICA,INGENIERÍA AMBIENTAL,FEMENINO,157
2018,CIUDAD UNIVERSITARIA TRUJILLO,INGENIERIA QUIMICA,INGENIERÍA AMBIENTAL,MASCULINO,185
2018,CIUDAD UNIVERSITARIA TRUJILLO,INGENIERIA QUIMICA,INGENIERÍA QUÍMICA,FEMENINO,179
2018,CIUDAD UNIVERSITARIA TRUJILLO,INGENIERIA QUIMICA,INGENIERÍA QUÍMICA,MASCULINO,310
2018,CIUDAD UNIVERSITARIA TRUJILLO,MEDICINA,MEDICINA,FEMENINO,152
2018,CIUDAD UNIVERSITARIA TRUJILLO,MEDICINA,MEDICINA,MASCULINO,283
2018,SEDE HUAMACHUCO,CIENCIAS AGROPECUARIAS,INGENIERÍA AGROINDUSTRIAL,FEMENINO,60
2018,SEDE HUAMACHUCO,CIENCIAS AGROPECUARIAS,INGENIERÍA AGROINDUSTRIAL,MASCULINO,84
2018,SEDE HUAMACHUCO,CIENCIAS ECONOMICAS,ADMINISTRACIÓN,FEMENINO,157
2018,SEDE HUAMACHUCO,CIENCIAS ECONOMICAS,ADMINISTRACIÓN,MASCULINO,98
2018,SEDE HUAMACHUCO,ENFERMERIA,ENFERMERÍA,FEMENINO,97
2018,SEDE HUAMACHUCO,ENFERMERIA,ENFERMERÍA,MASCULINO,17
2018,SEDE HUAMACHUCO,INGENIERIA,INGENIERÍA DE MINAS,FEMENINO,33
2018,SEDE HUAMACHUCO,INGENIERIA,INGENIERÍA DE MINAS,MASCULINO,130
2018,SEDE SANTIAGO DE CHUCO,CIENCIAS AGROPECUARIAS,AGRONOMÍA,FEMENINO,31
2018,SEDE SANTIAGO DE CHUCO,CIENCIAS AGROPECUARIAS,AGRONOMÍA,MASCULINO,32
2018,SEDE SANTIAGO DE CHUCO,INGENIERIA QUIMICA,INGENIERÍA AMBIENTAL,FEMENINO,37
2018,SEDE SANTIAGO DE CHUCO,INGENIERIA QUIMICA,INGENIERÍA AMBIENTAL,MASCULINO,59
2018,SEDE VALLE JEQUETEPEQUE,CIENCIAS AGROPECUARIAS,AGRONOMÍA,FEMENINO,24
2018,SEDE VALLE JEQUETEPEQUE,CIENCIAS AGROPECUARIAS,AGRONOMÍA,MASCULINO,37
2018,SEDE VALLE JEQUETEPEQUE,CIENCIAS AGROPECUARIAS,INGENIERÍA AGROINDUSTRIAL,FEMENINO,73
2018,SEDE VALLE JEQUETEPEQUE,CIENCIAS AGROPECUARIAS,INGENIERÍA AGROINDUSTRIAL,MASCULINO,102
2018,SEDE VALLE JEQUETEPEQUE,CIENCIAS AGROPECUARIAS,ZOOTECNIA,MASCULINO,1
2018,SEDE VALLE JEQUETEPEQUE,CIENCIAS ECONOMICAS,ADMINISTRACIÓN,FEMENINO,148
2018,SEDE VALLE JEQUETEPEQUE,CIENCIAS ECONOMICAS,ADMINISTRACIÓN,MASCULINO,94
2018,SEDE VALLE JEQUETEPEQUE,CIENCIAS ECONOMICAS,CONTABILIDAD Y FINANZAS,FEMENINO,140
2018,SEDE VALLE JEQUETEPEQUE,CIENCIAS ECONOMICAS,CONTABILIDAD Y FINANZAS,MASCULINO,74
2018,SEDE VALLE JEQUETEPEQUE,CIENCIAS FISICAS Y MATEMATICAS,INGENIERÍA INFORMÁTICA,FEMENINO,17
2018,SEDE VALLE JEQUETEPEQUE,CIENCIAS FISICAS Y MATEMATICAS,INGENIERÍA INFORMÁTICA,MASCULINO,42
2018,SEDE VALLE JEQUETEPEQUE,CIENCIAS SOCIALES,TRABAJO SOCIAL,FEMENINO,193
2018,SEDE VALLE JEQUETEPEQUE,CIENCIAS SOCIALES,TRABAJO SOCIAL,MASCULINO,6
2018,SEDE VALLE JEQUETEPEQUE,ENFERMERIA,ENFERMERÍA,FEMENINO,105
2018,SEDE VALLE JEQUETEPEQUE,ENFERMERIA,ENFERMERÍA,MASCULINO,10
2018,SEDE VALLE JEQUETEPEQUE,INGENIERIA,INGENIERÍA DE SISTEMAS,FEMENINO,47
2018,SEDE VALLE JEQUETEPEQUE,INGENIERIA,INGENIERÍA DE SISTEMAS,MASCULINO,134
2018,SEDE VALLE JEQUETEPEQUE,INGENIERIA,INGENIERÍA INDUSTRIAL,FEMENINO,85
2018,SEDE VALLE JEQUETEPEQUE,INGENIERIA,INGENIERÍA INDUSTRIAL,MASCULINO,120
2018,SEDE VALLE JEQUETEPEQUE,INGENIERIA,INGENIERÍA MECÁNICA,FEMENINO,1
2018,SEDE VALLE JEQUETEPEQUE,INGENIERIA,INGENIERÍA MECÁNICA,MASCULINO,154
2019,CIUDAD UNIVERSITARIA TRUJILLO,CIENCIAS AGROPECUARIAS,AGRONOMÍA,FEMENINO,121
2019,CIUDAD UNIVERSITARIA TRUJILLO,CIENCIAS AGROPECUARIAS,AGRONOMÍA,MASCULINO,155
2019,CIUDAD UNIVERSITARIA TRUJILLO,CIENCIAS AGROPECUARIAS,INGENIERÍA AGROINDUSTRIAL,FEMENINO,112
2019,CIUDAD UNIVERSITARIA TRUJILLO,CIENCIAS AGROPECUARIAS,INGENIERÍA AGROINDUSTRIAL,MASCULINO,191
2019,CIUDAD UNIVERSITARIA TRUJILLO,CIENCIAS AGROPECUARIAS,INGENIERÍA AGRÍCOLA,FEMENINO,78
2019,CIUDAD UNIVERSITARIA TRUJILLO,CIENCIAS AGROPECUARIAS,INGENIERÍA AGRÍCOLA,MASCULINO,140
2019,CIUDAD UNIVERSITARIA TRUJILLO,CIENCIAS AGROPECUARIAS,ZOOTECNIA,FEMENINO,101
2019,CIUDAD UNIVERSITARIA TRUJILLO,CIENCIAS AGROPECUARIAS,ZOOTECNIA,MASCULINO,121
2019,CIUDAD UNIVERSITARIA TRUJILLO,CIENCIAS BIOLOGICAS,CIENCIAS BIOLÓGICAS,FEMENINO,176
2019,CIUDAD UNIVERSITARIA TRUJILLO,CIENCIAS BIOLOGICAS,CIENCIAS BIOLÓGICAS,MASCULINO,133
2019,CIUDAD UNIVERSITARIA TRUJILLO,CIENCIAS BIOLOGICAS,MICROBIOLOGÍA Y PARASITOLOGÍA,FEMENINO,174
2019,CIUDAD UNIVERSITARIA TRUJILLO,CIENCIAS BIOLOGICAS,MICROBIOLOGÍA Y PARASITOLOGÍA,MASCULINO,88
2019,CIUDAD UNIVERSITARIA TRUJILLO,CIENCIAS BIOLOGICAS,PESQUERÍA,FEMENINO,55
2019,CIUDAD UNIVERSITARIA TRUJILLO,CIENCIAS BIOLOGICAS,PESQUERÍA,MASCULINO,101
2019,CIUDAD UNIVERSITARIA TRUJILLO,CIENCIAS ECONOMICAS,ADMINISTRACIÓN,FEMENINO,307
2019,CIUDAD UNIVERSITARIA TRUJILLO,CIENCIAS ECONOMICAS,ADMINISTRACIÓN,MASCULINO,234
2019,CIUDAD UNIVERSITARIA TRUJILLO,CIENCIAS ECONOMICAS,CONTABILIDAD Y FINANZAS,FEMENINO,372
2019,CIUDAD UNIVERSITARIA TRUJILLO,CIENCIAS ECONOMICAS,CONTABILIDAD Y FINANZAS,MASCULINO,216
2019,CIUDAD UNIVERSITARIA TRUJILLO,CIENCIAS ECONOMICAS,ECONOMÍA,FEMENINO,266
2019,CIUDAD UNIVERSITARIA TRUJILLO,CIENCIAS ECONOMICAS,ECONOMÍA,MASCULINO,291
2019,CIUDAD UNIVERSITARIA TRUJILLO,CIENCIAS FISICAS Y MATEMATICAS,FÍSICA,FEMENINO,9
2019,CIUDAD UNIVERSITARIA TRUJILLO,CIENCIAS FISICAS Y MATEMATICAS,FÍSICA,MASCULINO,82
2019,CIUDAD UNIVERSITARIA TRUJILLO,CIENCIAS FISICAS Y MATEMATICAS,INGENIERÍA ESTADÍSTICA,FEMENINO,64
2019,CIUDAD UNIVERSITARIA TRUJILLO,CIENCIAS FISICAS Y MATEMATICAS,INGENIERÍA ESTADÍSTICA,MASCULINO,110
2019,CIUDAD UNIVERSITARIA TRUJILLO,CIENCIAS FISICAS Y MATEMATICAS,INGENIERÍA INFORMÁTICA,FEMENINO,39
2019,CIUDAD UNIVERSITARIA TRUJILLO,CIENCIAS FISICAS Y MATEMATICAS,INGENIERÍA INFORMÁTICA,MASCULINO,260
2019,CIUDAD UNIVERSITARIA TRUJILLO,CIENCIAS FISICAS Y MATEMATICAS,MATEMÁTICA,FEMENINO,16
2019,CIUDAD UNIVERSITARIA TRUJILLO,CIENCIAS FISICAS Y MATEMATICAS,MATEMÁTICA,MASCULINO,76
2019,CIUDAD UNIVERSITARIA TRUJILLO,CIENCIAS SOCIALES,ANTROPOLOGÍA,FEMENINO,141
2019,CIUDAD UNIVERSITARIA TRUJILLO,CIENCIAS SOCIALES,ANTROPOLOGÍA,MASCULINO,44
2019,CIUDAD UNIVERSITARIA TRUJILLO,CIENCIAS SOCIALES,ARQUEOLOGÍA,FEMENINO,81
2019,CIUDAD UNIVERSITARIA TRUJILLO,CIENCIAS SOCIALES,ARQUEOLOGÍA,MASCULINO,67
2019,CIUDAD UNIVERSITARIA TRUJILLO,CIENCIAS SOCIALES,HISTORIA,FEMENINO,30
2019,CIUDAD UNIVERSITARIA TRUJILLO,CIENCIAS SOCIALES,HISTORIA,MASCULINO,59
2019,CIUDAD UNIVERSITARIA TRUJILLO,CIENCIAS SOCIALES,TRABAJO SOCIAL,FEMENINO,289
2019,CIUDAD UNIVERSITARIA TRUJILLO,CIENCIAS SOCIALES,TRABAJO SOCIAL,MASCULINO,4
2019,CIUDAD UNIVERSITARIA TRUJILLO,CIENCIAS SOCIALES,TURISMO,FEMENINO,183
2019,CIUDAD UNIVERSITARIA TRUJILLO,CIENCIAS SOCIALES,TURISMO,MASCULINO,60
2019,CIUDAD UNIVERSITARIA TRUJILLO,DERECHO,CIENCIA POLÍTICA Y GOBERNABILIDAD,FEMENINO,120
2019,CIUDAD UNIVERSITARIA TRUJILLO,DERECHO,CIENCIA POLÍTICA Y GOBERNABILIDAD,MASCULINO,91
2019,CIUDAD UNIVERSITARIA TRUJILLO,DERECHO,DERECHO Y CIENCIAS POLÍTICAS,FEMENINO,499
2019,CIUDAD UNIVERSITARIA TRUJILLO,DERECHO,DERECHO Y CIENCIAS POLÍTICAS,MASCULINO,325
2019,CIUDAD UNIVERSITARIA TRUJILLO,EDUCACION Y CIENCIAS DE LA COMUNICACION,CIENCIAS DE LA COMUNICACIÓN,FEMENINO,119
2019,CIUDAD UNIVERSITARIA TRUJILLO,EDUCACION Y CIENCIAS DE LA COMUNICACION,CIENCIAS DE LA COMUNICACIÓN,MASCULINO,90
2019,CIUDAD UNIVERSITARIA TRUJILLO,EDUCACION Y CIENCIAS DE LA COMUNICACION,EDUCACIÓN INICIAL,FEMENINO,190
2019,CIUDAD UNIVERSITARIA TRUJILLO,EDUCACION Y CIENCIAS DE LA COMUNICACION,EDUCACIÓN PRIMARIA,FEMENINO,169
2019,CIUDAD UNIVERSITARIA TRUJILLO,EDUCACION Y CIENCIAS DE LA COMUNICACION,EDUCACIÓN PRIMARIA,MASCULINO,18
2019,CIUDAD UNIVERSITARIA TRUJILLO,EDUCACION Y CIENCIAS DE LA COMUNICACION,EDUCACIÓN SECUNDARIA - MENCIÓN EN IDIOMAS - INGLÉS FRANCÉS O INGLÉS ALEMÁN,FEMENINO,165
2019,CIUDAD UNIVERSITARIA TRUJILLO,EDUCACION Y CIENCIAS DE LA COMUNICACION,EDUCACIÓN SECUNDARIA - MENCIÓN EN IDIOMAS - INGLÉS FRANCÉS O INGLÉS ALEMÁN,MASCULINO,40
2019,CIUDAD UNIVERSITARIA TRUJILLO,EDUCACION Y CIENCIAS DE LA COMUNICACION,EDUCACIÓN SECUNDARIA - MENCIÓN LENGUA Y LITERATURA,FEMENINO,120
2019,CIUDAD UNIVERSITARIA TRUJILLO,EDUCACION Y CIENCIAS DE LA COMUNICACION,EDUCACIÓN SECUNDARIA - MENCIÓN LENGUA Y LITERATURA,MASCULINO,71
2019,CIUDAD UNIVERSITARIA TRUJILLO,EDUCACION Y CIENCIAS DE LA COMUNICACION,EDUCACIÓN SECUNDARIA CON MENCIÓN EN FILOSOFÍA - PSICOLOGÍA Y CIENCIAS SOCIALES,FEMENINO,66
2019,CIUDAD UNIVERSITARIA TRUJILLO,EDUCACION Y CIENCIAS DE LA COMUNICACION,EDUCACIÓN SECUNDARIA CON MENCIÓN EN FILOSOFÍA - PSICOLOGÍA Y CIENCIAS SOCIALES,MASCULINO,64
2019,CIUDAD UNIVERSITARIA TRUJILLO,EDUCACION Y CIENCIAS DE LA COMUNICACION,EDUCACIÓN SECUNDARIA CON MENCIÓN EN HISTORIA Y GEOGRAFÍA,FEMENINO,56
2019,CIUDAD UNIVERSITARIA TRUJILLO,EDUCACION Y CIENCIAS DE LA COMUNICACION,EDUCACIÓN SECUNDARIA CON MENCIÓN EN HISTORIA Y GEOGRAFÍA,MASCULINO,80
2019,CIUDAD UNIVERSITARIA TRUJILLO,EDUCACION Y CIENCIAS DE LA COMUNICACION,EDUCACIÓN SECUNDARIA MENCIÓN EN CIENCIAS MATEMÁTICAS,FEMENINO,25
2019,CIUDAD UNIVERSITARIA TRUJILLO,EDUCACION Y CIENCIAS DE LA COMUNICACION,EDUCACIÓN SECUNDARIA MENCIÓN EN CIENCIAS MATEMÁTICAS,MASCULINO,42
2019,CIUDAD UNIVERSITARIA TRUJILLO,ENFERMERIA,ENFERMERÍA,FEMENINO,370
2019,CIUDAD UNIVERSITARIA TRUJILLO,ENFERMERIA,ENFERMERÍA,MASCULINO,18
2019,CIUDAD UNIVERSITARIA TRUJILLO,ESTOMATOLOGIA,ESTOMATOLOGÍA,FEMENINO,75
2019,CIUDAD UNIVERSITARIA TRUJILLO,ESTOMATOLOGIA,ESTOMATOLOGÍA,MASCULINO,46
2019,CIUDAD UNIVERSITARIA TRUJILLO,FARMACIA Y BIOQUIMICA,FARMACIA Y BIOQUÍMICA,FEMENINO,437
2019,CIUDAD UNIVERSITARIA TRUJILLO,FARMACIA Y BIOQUIMICA,FARMACIA Y BIOQUÍMICA,MASCULINO,219
2019,CIUDAD UNIVERSITARIA TRUJILLO,INGENIERIA,ARQUITECTURA Y URBANISMO,FEMENINO,131
2019,CIUDAD UNIVERSITARIA TRUJILLO,INGENIERIA,ARQUITECTURA Y URBANISMO,MASCULINO,156
2019,CIUDAD UNIVERSITARIA TRUJILLO,INGENIERIA,INGENIERÍA CIVIL,FEMENINO,22
2019,CIUDAD UNIVERSITARIA TRUJILLO,INGENIERIA,INGENIERÍA CIVIL,MASCULINO,257
2019,CIUDAD UNIVERSITARIA TRUJILLO,INGENIERIA,INGENIERÍA DE MATERIALES,FEMENINO,66
2019,CIUDAD UNIVERSITARIA TRUJILLO,INGENIERIA,INGENIERÍA DE MATERIALES,MASCULINO,197
2019,CIUDAD UNIVERSITARIA TRUJILLO,INGENIERIA,INGENIERÍA DE MINAS,FEMENINO,17
2019,CIUDAD UNIVERSITARIA TRUJILLO,INGENIERIA,INGENIERÍA DE MINAS,MASCULINO,234
2019,CIUDAD UNIVERSITARIA TRUJILLO,INGENIERIA,INGENIERÍA DE SISTEMAS,FEMENINO,35
2019,CIUDAD UNIVERSITARIA TRUJILLO,INGENIERIA,INGENIERÍA DE SISTEMAS,MASCULINO,235
2019,CIUDAD UNIVERSITARIA TRUJILLO,INGENIERIA,INGENIERÍA INDUSTRIAL,FEMENINO,162
2019,CIUDAD UNIVERSITARIA TRUJILLO,INGENIERIA,INGENIERÍA INDUSTRIAL,MASCULINO,386
2019,CIUDAD UNIVERSITARIA TRUJILLO,INGENIERIA,INGENIERÍA MECATRÓNICA,FEMENINO,7
2019,CIUDAD UNIVERSITARIA TRUJILLO,INGENIERIA,INGENIERÍA MECATRÓNICA,MASCULINO,235
2019,CIUDAD UNIVERSITARIA TRUJILLO,INGENIERIA,INGENIERÍA MECÁNICA,FEMENINO,6
2019,CIUDAD UNIVERSITARIA TRUJILLO,INGENIERIA,INGENIERÍA MECÁNICA,MASCULINO,332
2019,CIUDAD UNIVERSITARIA TRUJILLO,INGENIERIA,INGENIERÍA METALÚRGICA,FEMENINO,32
2019,CIUDAD UNIVERSITARIA TRUJILLO,INGENIERIA,INGENIERÍA METALÚRGICA,MASCULINO,242
2019,CIUDAD UNIVERSITARIA TRUJILLO,INGENIERIA QUIMICA,INGENIERÍA AMBIENTAL,FEMENINO,164
2019,CIUDAD UNIVERSITARIA TRUJILLO,INGENIERIA QUIMICA,INGENIERÍA AMBIENTAL,MASCULINO,207
2019,CIUDAD UNIVERSITARIA TRUJILLO,INGENIERIA QUIMICA,INGENIERÍA QUÍMICA,FEMENINO,176
2019,CIUDAD UNIVERSITARIA TRUJILLO,INGENIERIA QUIMICA,INGENIERÍA QUÍMICA,MASCULINO,310
2019,CIUDAD UNIVERSITARIA TRUJILLO,MEDICINA,MEDICINA,FEMENINO,212
2019,CIUDAD UNIVERSITARIA TRUJILLO,MEDICINA,MEDICINA,MASCULINO,398
2019,SEDE HUAMACHUCO,CIENCIAS AGROPECUARIAS,INGENIERÍA AGROINDUSTRIAL,FEMENINO,57
2019,SEDE HUAMACHUCO,CIENCIAS AGROPECUARIAS,INGENIERÍA AGROINDUSTRIAL,MASCULINO,96
2019,SEDE HUAMACHUCO,CIENCIAS ECONOMICAS,ADMINISTRACIÓN,FEMENINO,125
2019,SEDE HUAMACHUCO,CIENCIAS ECONOMICAS,ADMINISTRACIÓN,MASCULINO,104
2019,SEDE HUAMACHUCO,ENFERMERIA,ENFERMERÍA,FEMENINO,125
2019,SEDE HUAMACHUCO,ENFERMERIA,ENFERMERÍA,MASCULINO,20
2019,SEDE HUAMACHUCO,INGENIERIA,INGENIERÍA DE MINAS,FEMENINO,31
2019,SEDE HUAMACHUCO,INGENIERIA,INGENIERÍA DE MINAS,MASCULINO,145
2019,SEDE SANTIAGO DE CHUCO,CIENCIAS AGROPECUARIAS,AGRONOMÍA,FEMENINO,32
2019,SEDE SANTIAGO DE CHUCO,CIENCIAS AGROPECUARIAS,AGRONOMÍA,MASCULINO,41
2019,SEDE SANTIAGO DE CHUCO,INGENIERIA QUIMICA,INGENIERÍA AMBIENTAL,FEMENINO,36
2019,SEDE SANTIAGO DE CHUCO,INGENIERIA QUIMICA,INGENIERÍA AMBIENTAL,MASCULINO,51
2019,SEDE VALLE JEQUETEPEQUE,CIENCIAS AGROPECUARIAS,AGRONOMÍA,FEMENINO,21
2019,SEDE VALLE JEQUETEPEQUE,CIENCIAS AGROPECUARIAS,AGRONOMÍA,MASCULINO,41
2019,SEDE VALLE JEQUETEPEQUE,CIENCIAS AGROPECUARIAS,INGENIERÍA AGROINDUSTRIAL,FEMENINO,72
2019,SEDE VALLE JEQUETEPEQUE,CIENCIAS AGROPECUARIAS,INGENIERÍA AGROINDUSTRIAL,MASCULINO,99
2019,SEDE VALLE JEQUETEPEQUE,CIENCIAS ECONOMICAS,ADMINISTRACIÓN,FEMENINO,127
2019,SEDE VALLE JEQUETEPEQUE,CIENCIAS ECONOMICAS,ADMINISTRACIÓN,MASCULINO,83
2019,SEDE VALLE JEQUETEPEQUE,CIENCIAS ECONOMICAS,CONTABILIDAD Y FINANZAS,FEMENINO,118
2019,SEDE VALLE JEQUETEPEQUE,CIENCIAS ECONOMICAS,CONTABILIDAD Y FINANZAS,MASCULINO,76
2019,SEDE VALLE JEQUETEPEQUE,CIENCIAS FISICAS Y MATEMATICAS,INGENIERÍA INFORMÁTICA,FEMENINO,19
2019,SEDE VALLE JEQUETEPEQUE,CIENCIAS FISICAS Y MATEMATICAS,INGENIERÍA INFORMÁTICA,MASCULINO,51
2019,SEDE VALLE JEQUETEPEQUE,CIENCIAS SOCIALES,TRABAJO SOCIAL,FEMENINO,169
2019,SEDE VALLE JEQUETEPEQUE,CIENCIAS SOCIALES,TRABAJO SOCIAL,MASCULINO,3
2019,SEDE VALLE JEQUETEPEQUE,ENFERMERIA,ENFERMERÍA,FEMENINO,134
2019,SEDE VALLE JEQUETEPEQUE,ENFERMERIA,ENFERMERÍA,MASCULINO,14
2019,SEDE VALLE JEQUETEPEQUE,INGENIERIA,INGENIERÍA DE SISTEMAS,FEMENINO,45
2019,SEDE VALLE JEQUETEPEQUE,INGENIERIA,INGENIERÍA DE SISTEMAS,MASCULINO,129
2019,SEDE VALLE JEQUETEPEQUE,INGENIERIA,INGENIERÍA INDUSTRIAL,FEMENINO,80
2019,SEDE VALLE JEQUETEPEQUE,INGENIERIA,INGENIERÍA INDUSTRIAL,MASCULINO,109
2019,SEDE VALLE JEQUETEPEQUE,INGENIERIA,INGENIERÍA MECÁNICA,FEMENINO,1
2019,SEDE VALLE JEQUETEPEQUE,INGENIERIA,INGENIERÍA MECÁNICA,MASCULINO,147
2020,CIUDAD UNIVERSITARIA TRUJILLO,CIENCIAS AGROPECUARIAS,AGRONOMÍA,FEMENINO,106
2020,CIUDAD UNIVERSITARIA TRUJILLO,CIENCIAS AGROPECUARIAS,AGRONOMÍA,MASCULINO,149
2020,CIUDAD UNIVERSITARIA TRUJILLO,CIENCIAS AGROPECUARIAS,INGENIERÍA AGROINDUSTRIAL,FEMENINO,108
2020,CIUDAD UNIVERSITARIA TRUJILLO,CIENCIAS AGROPECUARIAS,INGENIERÍA AGROINDUSTRIAL,MASCULINO,180
2020,CIUDAD UNIVERSITARIA TRUJILLO,CIENCIAS AGROPECUARIAS,INGENIERÍA AGRÍCOLA,FEMENINO,69
2020,CIUDAD UNIVERSITARIA TRUJILLO,CIENCIAS AGROPECUARIAS,INGENIERÍA AGRÍCOLA,MASCULINO,146
2020,CIUDAD UNIVERSITARIA TRUJILLO,CIENCIAS AGROPECUARIAS,ZOOTECNIA,FEMENINO,109
2020,CIUDAD UNIVERSITARIA TRUJILLO,CIENCIAS AGROPECUARIAS,ZOOTECNIA,MASCULINO,116
2020,CIUDAD UNIVERSITARIA TRUJILLO,CIENCIAS BIOLOGICAS,CIENCIAS BIOLÓGICAS,FEMENINO,185
2020,CIUDAD UNIVERSITARIA TRUJILLO,CIENCIAS BIOLOGICAS,CIENCIAS BIOLÓGICAS,MASCULINO,127
2020,CIUDAD UNIVERSITARIA TRUJILLO,CIENCIAS BIOLOGICAS,MICROBIOLOGÍA Y PARASITOLOGÍA,FEMENINO,180
2020,CIUDAD UNIVERSITARIA TRUJILLO,CIENCIAS BIOLOGICAS,MICROBIOLOGÍA Y PARASITOLOGÍA,MASCULINO,94
2020,CIUDAD UNIVERSITARIA TRUJILLO,CIENCIAS BIOLOGICAS,PESQUERÍA,FEMENINO,47
2020,CIUDAD UNIVERSITARIA TRUJILLO,CIENCIAS BIOLOGICAS,PESQUERÍA,MASCULINO,114
2020,CIUDAD UNIVERSITARIA TRUJILLO,CIENCIAS ECONOMICAS,ADMINISTRACIÓN,FEMENINO,307
2020,CIUDAD UNIVERSITARIA TRUJILLO,CIENCIAS ECONOMICAS,ADMINISTRACIÓN,MASCULINO,235
2020,CIUDAD UNIVERSITARIA TRUJILLO,CIENCIAS ECONOMICAS,CONTABILIDAD Y FINANZAS,FEMENINO,367
2020,CIUDAD UNIVERSITARIA TRUJILLO,CIENCIAS ECONOMICAS,CONTABILIDAD Y FINANZAS,MASCULINO,207
2020,CIUDAD UNIVERSITARIA TRUJILLO,CIENCIAS ECONOMICAS,ECONOMÍA,FEMENINO,256
2020,CIUDAD UNIVERSITARIA TRUJILLO,CIENCIAS ECONOMICAS,ECONOMÍA,MASCULINO,286
2020,CIUDAD UNIVERSITARIA TRUJILLO,CIENCIAS FISICAS Y MATEMATICAS,FÍSICA,FEMENINO,7
2020,CIUDAD UNIVERSITARIA TRUJILLO,CIENCIAS FISICAS Y MATEMATICAS,FÍSICA,MASCULINO,98
2020,CIUDAD UNIVERSITARIA TRUJILLO,CIENCIAS FISICAS Y MATEMATICAS,INGENIERÍA ESTADÍSTICA,FEMENINO,63
2020,CIUDAD UNIVERSITARIA TRUJILLO,CIENCIAS FISICAS Y MATEMATICAS,INGENIERÍA ESTADÍSTICA,MASCULINO,102
2020,CIUDAD UNIVERSITARIA TRUJILLO,CIENCIAS FISICAS Y MATEMATICAS,INGENIERÍA INFORMÁTICA,FEMENINO,38
2020,CIUDAD UNIVERSITARIA TRUJILLO,CIENCIAS FISICAS Y MATEMATICAS,INGENIERÍA INFORMÁTICA,MASCULINO,282
2020,CIUDAD UNIVERSITARIA TRUJILLO,CIENCIAS FISICAS Y MATEMATICAS,MATEMÁTICA,FEMENINO,14
2020,CIUDAD UNIVERSITARIA TRUJILLO,CIENCIAS FISICAS Y MATEMATICAS,MATEMÁTICA,MASCULINO,78
2020,CIUDAD UNIVERSITARIA TRUJILLO,CIENCIAS SOCIALES,ANTROPOLOGÍA,FEMENINO,122
2020,CIUDAD UNIVERSITARIA TRUJILLO,CIENCIAS SOCIALES,ANTROPOLOGÍA,MASCULINO,55
2020,CIUDAD UNIVERSITARIA TRUJILLO,CIENCIAS SOCIALES,ARQUEOLOGÍA,FEMENINO,85
2020,CIUDAD UNIVERSITARIA TRUJILLO,CIENCIAS SOCIALES,ARQUEOLOGÍA,MASCULINO,64
2020,CIUDAD UNIVERSITARIA TRUJILLO,CIENCIAS SOCIALES,HISTORIA,FEMENINO,34
2020,CIUDAD UNIVERSITARIA TRUJILLO,CIENCIAS SOCIALES,HISTORIA,MASCULINO,66
2020,CIUDAD UNIVERSITARIA TRUJILLO,CIENCIAS SOCIALES,TRABAJO SOCIAL,FEMENINO,269
2020,CIUDAD UNIVERSITARIA TRUJILLO,CIENCIAS SOCIALES,TRABAJO SOCIAL,MASCULINO,7
2020,CIUDAD UNIVERSITARIA TRUJILLO,CIENCIAS SOCIALES,TURISMO,FEMENINO,191
2020,CIUDAD UNIVERSITARIA TRUJILLO,CIENCIAS SOCIALES,TURISMO,MASCULINO,62
2020,CIUDAD UNIVERSITARIA TRUJILLO,DERECHO,CIENCIA POLÍTICA Y GOBERNABILIDAD,FEMENINO,114
2020,CIUDAD UNIVERSITARIA TRUJILLO,DERECHO,CIENCIA POLÍTICA Y GOBERNABILIDAD,MASCULINO,98
2020,CIUDAD UNIVERSITARIA TRUJILLO,DERECHO,DERECHO Y CIENCIAS POLÍTICAS,FEMENINO,482
2020,CIUDAD UNIVERSITARIA TRUJILLO,DERECHO,DERECHO Y CIENCIAS POLÍTICAS,MASCULINO,316
2020,CIUDAD UNIVERSITARIA TRUJILLO,EDUCACION Y CIENCIAS DE LA COMUNICACION,CIENCIAS DE LA COMUNICACIÓN,FEMENINO,125
2020,CIUDAD UNIVERSITARIA TRUJILLO,EDUCACION Y CIENCIAS DE LA COMUNICACION,CIENCIAS DE LA COMUNICACIÓN,MASCULINO,100
2020,CIUDAD UNIVERSITARIA TRUJILLO,EDUCACION Y CIENCIAS DE LA COMUNICACION,EDUCACIÓN INICIAL,FEMENINO,188
2020,CIUDAD UNIVERSITARIA TRUJILLO,EDUCACION Y CIENCIAS DE LA COMUNICACION,EDUCACIÓN PRIMARIA,FEMENINO,159
2020,CIUDAD UNIVERSITARIA TRUJILLO,EDUCACION Y CIENCIAS DE LA COMUNICACION,EDUCACIÓN PRIMARIA,MASCULINO,18
2020,CIUDAD UNIVERSITARIA TRUJILLO,EDUCACION Y CIENCIAS DE LA COMUNICACION,EDUCACIÓN SECUNDARIA - MENCIÓN EN IDIOMAS - INGLÉS FRANCÉS O INGLÉS ALEMÁN,FEMENINO,164
2020,CIUDAD UNIVERSITARIA TRUJILLO,EDUCACION Y CIENCIAS DE LA COMUNICACION,EDUCACIÓN SECUNDARIA - MENCIÓN EN IDIOMAS - INGLÉS FRANCÉS O INGLÉS ALEMÁN,MASCULINO,46
2020,CIUDAD UNIVERSITARIA TRUJILLO,EDUCACION Y CIENCIAS DE LA COMUNICACION,EDUCACIÓN SECUNDARIA - MENCIÓN LENGUA Y LITERATURA,FEMENINO,121
2020,CIUDAD UNIVERSITARIA TRUJILLO,EDUCACION Y CIENCIAS DE LA COMUNICACION,EDUCACIÓN SECUNDARIA - MENCIÓN LENGUA Y LITERATURA,MASCULINO,65
2020,CIUDAD UNIVERSITARIA TRUJILLO,EDUCACION Y CIENCIAS DE LA COMUNICACION,EDUCACIÓN SECUNDARIA CON MENCIÓN EN FILOSOFÍA - PSICOLOGÍA Y CIENCIAS SOCIALES,FEMENINO,77
2020,CIUDAD UNIVERSITARIA TRUJILLO,EDUCACION Y CIENCIAS DE LA COMUNICACION,EDUCACIÓN SECUNDARIA CON MENCIÓN EN FILOSOFÍA - PSICOLOGÍA Y CIENCIAS SOCIALES,MASCULINO,68
2020,CIUDAD UNIVERSITARIA TRUJILLO,EDUCACION Y CIENCIAS DE LA COMUNICACION,EDUCACIÓN SECUNDARIA CON MENCIÓN EN HISTORIA Y GEOGRAFÍA,FEMENINO,59
2020,CIUDAD UNIVERSITARIA TRUJILLO,EDUCACION Y CIENCIAS DE LA COMUNICACION,EDUCACIÓN SECUNDARIA CON MENCIÓN EN HISTORIA Y GEOGRAFÍA,MASCULINO,94
2020,CIUDAD UNIVERSITARIA TRUJILLO,EDUCACION Y CIENCIAS DE LA COMUNICACION,EDUCACIÓN SECUNDARIA MENCIÓN EN CIENCIAS MATEMÁTICAS,FEMENINO,30
2020,CIUDAD UNIVERSITARIA TRUJILLO,EDUCACION Y CIENCIAS DE LA COMUNICACION,EDUCACIÓN SECUNDARIA MENCIÓN EN CIENCIAS MATEMÁTICAS,MASCULINO,51
2020,CIUDAD UNIVERSITARIA TRUJILLO,ENFERMERIA,ENFERMERÍA,FEMENINO,374
2020,CIUDAD UNIVERSITARIA TRUJILLO,ENFERMERIA,ENFERMERÍA,MASCULINO,23
2020,CIUDAD UNIVERSITARIA TRUJILLO,ESTOMATOLOGIA,ESTOMATOLOGÍA,FEMENINO,92
2020,CIUDAD UNIVERSITARIA TRUJILLO,ESTOMATOLOGIA,ESTOMATOLOGÍA,MASCULINO,45
2020,CIUDAD UNIVERSITARIA TRUJILLO,FARMACIA Y BIOQUIMICA,FARMACIA Y BIOQUÍMICA,FEMENINO,399
2020,CIUDAD UNIVERSITARIA TRUJILLO,FARMACIA Y BIOQUIMICA,FARMACIA Y BIOQUÍMICA,MASCULINO,208
2020,CIUDAD UNIVERSITARIA TRUJILLO,INGENIERIA,ARQUITECTURA Y URBANISMO,FEMENINO,136
2020,CIUDAD UNIVERSITARIA TRUJILLO,INGENIERIA,ARQUITECTURA Y URBANISMO,MASCULINO,155
2020,CIUDAD UNIVERSITARIA TRUJILLO,INGENIERIA,INGENIERÍA CIVIL,FEMENINO,24
2020,CIUDAD UNIVERSITARIA TRUJILLO,INGENIERIA,INGENIERÍA CIVIL,MASCULINO,251
2020,CIUDAD UNIVERSITARIA TRUJILLO,INGENIERIA,INGENIERÍA DE MATERIALES,FEMENINO,72
2020,CIUDAD UNIVERSITARIA TRUJILLO,INGENIERIA,INGENIERÍA DE MATERIALES,MASCULINO,194
2020,CIUDAD UNIVERSITARIA TRUJILLO,INGENIERIA,INGENIERÍA DE MINAS,FEMENINO,19
2020,CIUDAD UNIVERSITARIA TRUJILLO,INGENIERIA,INGENIERÍA DE MINAS,MASCULINO,211
2020,CIUDAD UNIVERSITARIA TRUJILLO,INGENIERIA,INGENIERÍA DE SISTEMAS,FEMENINO,33
2020,CIUDAD UNIVERSITARIA TRUJILLO,INGENIERIA,INGENIERÍA DE SISTEMAS,MASCULINO,240
2020,CIUDAD UNIVERSITARIA TRUJILLO,INGENIERIA,INGENIERÍA INDUSTRIAL,FEMENINO,159
2020,CIUDAD UNIVERSITARIA TRUJILLO,INGENIERIA,INGENIERÍA INDUSTRIAL,MASCULINO,410
2020,CIUDAD UNIVERSITARIA TRUJILLO,INGENIERIA,INGENIERÍA MECATRÓNICA,FEMENINO,10
2020,CIUDAD UNIVERSITARIA TRUJILLO,INGENIERIA,INGENIERÍA MECATRÓNICA,MASCULINO,239
2020,CIUDAD UNIVERSITARIA TRUJILLO,INGENIERIA,INGENIERÍA MECÁNICA,FEMENINO,8
2020,CIUDAD UNIVERSITARIA TRUJILLO,INGENIERIA,INGENIERÍA MECÁNICA,MASCULINO,329
2020,CIUDAD UNIVERSITARIA TRUJILLO,INGENIERIA,INGENIERÍA METALÚRGICA,FEMENINO,31
2020,CIUDAD UNIVERSITARIA TRUJILLO,INGENIERIA,INGENIERÍA METALÚRGICA,MASCULINO,240
2020,CIUDAD UNIVERSITARIA TRUJILLO,INGENIERIA QUIMICA,INGENIERÍA AMBIENTAL,FEMENINO,182
2020,CIUDAD UNIVERSITARIA TRUJILLO,INGENIERIA QUIMICA,INGENIERÍA AMBIENTAL,MASCULINO,220
2020,CIUDAD UNIVERSITARIA TRUJILLO,INGENIERIA QUIMICA,INGENIERÍA QUÍMICA,FEMENINO,178
2020,CIUDAD UNIVERSITARIA TRUJILLO,INGENIERIA QUIMICA,INGENIERÍA QUÍMICA,MASCULINO,316
2020,CIUDAD UNIVERSITARIA TRUJILLO,MEDICINA,MEDICINA,FEMENINO,266
2020,CIUDAD UNIVERSITARIA TRUJILLO,MEDICINA,MEDICINA,MASCULINO,466
2020,SEDE HUAMACHUCO,CIENCIAS AGROPECUARIAS,INGENIERÍA AGROINDUSTRIAL,FEMENINO,47
2020,SEDE HUAMACHUCO,CIENCIAS AGROPECUARIAS,INGENIERÍA AGROINDUSTRIAL,MASCULINO,90
2020,SEDE HUAMACHUCO,CIENCIAS ECONOMICAS,ADMINISTRACIÓN,FEMENINO,120
2020,SEDE HUAMACHUCO,CIENCIAS ECONOMICAS,ADMINISTRACIÓN,MASCULINO,95
2020,SEDE HUAMACHUCO,ENFERMERIA,ENFERMERÍA,FEMENINO,136
2020,SEDE HUAMACHUCO,ENFERMERIA,ENFERMERÍA,MASCULINO,20
2020,SEDE HUAMACHUCO,INGENIERIA,INGENIERÍA DE MINAS,FEMENINO,28
2020,SEDE HUAMACHUCO,INGENIERIA,INGENIERÍA DE MINAS,MASCULINO,146
2020,SEDE SANTIAGO DE CHUCO,CIENCIAS AGROPECUARIAS,AGRONOMÍA,FEMENINO,40
2020,SEDE SANTIAGO DE CHUCO,CIENCIAS AGROPECUARIAS,AGRONOMÍA,MASCULINO,36
2020,SEDE SANTIAGO DE CHUCO,INGENIERIA QUIMICA,INGENIERÍA AMBIENTAL,FEMENINO,40
2020,SEDE SANTIAGO DE CHUCO,INGENIERIA QUIMICA,INGENIERÍA AMBIENTAL,MASCULINO,55
2020,SEDE VALLE JEQUETEPEQUE,CIENCIAS AGROPECUARIAS,AGRONOMÍA,FEMENINO,25
2020,SEDE VALLE JEQUETEPEQUE,CIENCIAS AGROPECUARIAS,AGRONOMÍA,MASCULINO,44
2020,SEDE VALLE JEQUETEPEQUE,CIENCIAS AGROPECUARIAS,INGENIERÍA AGROINDUSTRIAL,FEMENINO,65
2020,SEDE VALLE JEQUETEPEQUE,CIENCIAS AGROPECUARIAS,INGENIERÍA AGROINDUSTRIAL,MASCULINO,97
2020,SEDE VALLE JEQUETEPEQUE,CIENCIAS ECONOMICAS,ADMINISTRACIÓN,FEMENINO,140
2020,SEDE VALLE JEQUETEPEQUE,CIENCIAS ECONOMICAS,ADMINISTRACIÓN,MASCULINO,78
2020,SEDE VALLE JEQUETEPEQUE,CIENCIAS ECONOMICAS,CONTABILIDAD Y FINANZAS,FEMENINO,113
2020,SEDE VALLE JEQUETEPEQUE,CIENCIAS ECONOMICAS,CONTABILIDAD Y FINANZAS,MASCULINO,74
2020,SEDE VALLE JEQUETEPEQUE,CIENCIAS FISICAS Y MATEMATICAS,INGENIERÍA INFORMÁTICA,FEMENINO,19
2020,SEDE VALLE JEQUETEPEQUE,CIENCIAS FISICAS Y MATEMATICAS,INGENIERÍA INFORMÁTICA,MASCULINO,62
2020,SEDE VALLE JEQUETEPEQUE,CIENCIAS SOCIALES,TRABAJO SOCIAL,FEMENINO,181
2020,SEDE VALLE JEQUETEPEQUE,CIENCIAS SOCIALES,TRABAJO SOCIAL,MASCULINO,3
2020,SEDE VALLE JEQUETEPEQUE,ENFERMERIA,ENFERMERÍA,FEMENINO,132
2020,SEDE VALLE JEQUETEPEQUE,ENFERMERIA,ENFERMERÍA,MASCULINO,14
2020,SEDE VALLE JEQUETEPEQUE,INGENIERIA,INGENIERÍA DE SISTEMAS,FEMENINO,46
2020,SEDE VALLE JEQUETEPEQUE,INGENIERIA,INGENIERÍA DE SISTEMAS,MASCULINO,126
2020,SEDE VALLE JEQUETEPEQUE,INGENIERIA,INGENIERÍA INDUSTRIAL,FEMENINO,84
2020,SEDE VALLE JEQUETEPEQUE,INGENIERIA,INGENIERÍA INDUSTRIAL,MASCULINO,98
2020,SEDE VALLE JEQUETEPEQUE,INGENIERIA,INGENIERÍA MECÁNICA,FEMENINO,2
2020,SEDE VALLE JEQUETEPEQUE,INGENIERIA,INGENIERÍA MECÁNICA,MASCULINO,151
2021,CIUDAD UNIVERSITARIA TRUJILLO,CIENCIAS AGROPECUARIAS,AGRONOMÍA,FEMENINO,98
2021,CIUDAD UNIVERSITARIA TRUJILLO,CIENCIAS AGROPECUARIAS,AGRONOMÍA,MASCULINO,147
2021,CIUDAD UNIVERSITARIA TRUJILLO,CIENCIAS AGROPECUARIAS,INGENIERÍA AGROINDUSTRIAL,FEMENINO,111
2021,CIUDAD UNIVERSITARIA TRUJILLO,CIENCIAS AGROPECUARIAS,INGENIERÍA AGROINDUSTRIAL,MASCULINO,168
2021,CIUDAD UNIVERSITARIA TRUJILLO,CIENCIAS AGROPECUARIAS,INGENIERÍA AGRÍCOLA,FEMENINO,69
2021,CIUDAD UNIVERSITARIA TRUJILLO,CIENCIAS AGROPECUARIAS,INGENIERÍA AGRÍCOLA,MASCULINO,142
2021,CIUDAD UNIVERSITARIA TRUJILLO,CIENCIAS AGROPECUARIAS,ZOOTECNIA,FEMENINO,116
2021,CIUDAD UNIVERSITARIA TRUJILLO,CIENCIAS AGROPECUARIAS,ZOOTECNIA,MASCULINO,113
2021,CIUDAD UNIVERSITARIA TRUJILLO,CIENCIAS BIOLOGICAS,CIENCIAS BIOLÓGICAS,FEMENINO,175
2021,CIUDAD UNIVERSITARIA TRUJILLO,CIENCIAS BIOLOGICAS,CIENCIAS BIOLÓGICAS,MASCULINO,120
2021,CIUDAD UNIVERSITARIA TRUJILLO,CIENCIAS BIOLOGICAS,MICROBIOLOGÍA Y PARASITOLOGÍA,FEMENINO,176
2021,CIUDAD UNIVERSITARIA TRUJILLO,CIENCIAS BIOLOGICAS,MICROBIOLOGÍA Y PARASITOLOGÍA,MASCULINO,98
2021,CIUDAD UNIVERSITARIA TRUJILLO,CIENCIAS BIOLOGICAS,PESQUERÍA,FEMENINO,44
2021,CIUDAD UNIVERSITARIA TRUJILLO,CIENCIAS BIOLOGICAS,PESQUERÍA,MASCULINO,102
2021,CIUDAD UNIVERSITARIA TRUJILLO,CIENCIAS ECONOMICAS,ADMINISTRACIÓN,FEMENINO,310
2021,CIUDAD UNIVERSITARIA TRUJILLO,CIENCIAS ECONOMICAS,ADMINISTRACIÓN,MASCULINO,218
2021,CIUDAD UNIVERSITARIA TRUJILLO,CIENCIAS ECONOMICAS,CONTABILIDAD Y FINANZAS,FEMENINO,362
2021,CIUDAD UNIVERSITARIA TRUJILLO,CIENCIAS ECONOMICAS,CONTABILIDAD Y FINANZAS,MASCULINO,192
2021,CIUDAD UNIVERSITARIA TRUJILLO,CIENCIAS ECONOMICAS,ECONOMÍA,FEMENINO,257
2021,CIUDAD UNIVERSITARIA TRUJILLO,CIENCIAS ECONOMICAS,ECONOMÍA,MASCULINO,270
2021,CIUDAD UNIVERSITARIA TRUJILLO,CIENCIAS FISICAS Y MATEMATICAS,FÍSICA,FEMENINO,5
2021,CIUDAD UNIVERSITARIA TRUJILLO,CIENCIAS FISICAS Y MATEMATICAS,FÍSICA,MASCULINO,97
2021,CIUDAD UNIVERSITARIA TRUJILLO,CIENCIAS FISICAS Y MATEMATICAS,INGENIERÍA ESTADÍSTICA,FEMENINO,58
2021,CIUDAD UNIVERSITARIA TRUJILLO,CIENCIAS FISICAS Y MATEMATICAS,INGENIERÍA ESTADÍSTICA,MASCULINO,100
2021,CIUDAD UNIVERSITARIA TRUJILLO,CIENCIAS FISICAS Y MATEMATICAS,INGENIERÍA INFORMÁTICA,FEMENINO,40
2021,CIUDAD UNIVERSITARIA TRUJILLO,CIENCIAS FISICAS Y MATEMATICAS,INGENIERÍA INFORMÁTICA,MASCULINO,278
2021,CIUDAD UNIVERSITARIA TRUJILLO,CIENCIAS FISICAS Y MATEMATICAS,MATEMÁTICA,FEMENINO,13
2021,CIUDAD UNIVERSITARIA TRUJILLO,CIENCIAS FISICAS Y MATEMATICAS,MATEMÁTICA,MASCULINO,71
2021,CIUDAD UNIVERSITARIA TRUJILLO,CIENCIAS SOCIALES,ANTROPOLOGÍA,FEMENINO,110
2021,CIUDAD UNIVERSITARIA TRUJILLO,CIENCIAS SOCIALES,ANTROPOLOGÍA,MASCULINO,56
2021,CIUDAD UNIVERSITARIA TRUJILLO,CIENCIAS SOCIALES,ARQUEOLOGÍA,FEMENINO,72
2021,CIUDAD UNIVERSITARIA TRUJILLO,CIENCIAS SOCIALES,ARQUEOLOGÍA,MASCULINO,48
2021,CIUDAD UNIVERSITARIA TRUJILLO,CIENCIAS SOCIALES,HISTORIA,FEMENINO,31
2021,CIUDAD UNIVERSITARIA TRUJILLO,CIENCIAS SOCIALES,HISTORIA,MASCULINO,65
2021,CIUDAD UNIVERSITARIA TRUJILLO,CIENCIAS SOCIALES,TRABAJO SOCIAL,FEMENINO,236
2021,CIUDAD UNIVERSITARIA TRUJILLO,CIENCIAS SOCIALES,TRABAJO SOCIAL,MASCULINO,6
2021,CIUDAD UNIVERSITARIA TRUJILLO,CIENCIAS SOCIALES,TURISMO,FEMENINO,173
2021,CIUDAD UNIVERSITARIA TRUJILLO,CIENCIAS SOCIALES,TURISMO,MASCULINO,48
2021,CIUDAD UNIVERSITARIA TRUJILLO,DERECHO,CIENCIA POLÍTICA Y GOBERNABILIDAD,FEMENINO,106
2021,CIUDAD UNIVERSITARIA TRUJILLO,DERECHO,CIENCIA POLÍTICA Y GOBERNABILIDAD,MASCULINO,90
2021,CIUDAD UNIVERSITARIA TRUJILLO,DERECHO,DERECHO Y CIENCIAS POLÍTICAS,FEMENINO,460
2021,CIUDAD UNIVERSITARIA TRUJILLO,DERECHO,DERECHO Y CIENCIAS POLÍTICAS,MASCULINO,323
2021,CIUDAD UNIVERSITARIA TRUJILLO,EDUCACION Y CIENCIAS DE LA COMUNICACION,CIENCIAS DE LA COMUNICACIÓN,FEMENINO,120
2021,CIUDAD UNIVERSITARIA TRUJILLO,EDUCACION Y CIENCIAS DE LA COMUNICACION,CIENCIAS DE LA COMUNICACIÓN,MASCULINO,96
2021,CIUDAD UNIVERSITARIA TRUJILLO,EDUCACION Y CIENCIAS DE LA COMUNICACION,EDUCACIÓN INICIAL,FEMENINO,191
2021,CIUDAD UNIVERSITARIA TRUJILLO,EDUCACION Y CIENCIAS DE LA COMUNICACION,EDUCACIÓN PRIMARIA,FEMENINO,147
2021,CIUDAD UNIVERSITARIA TRUJILLO,EDUCACION Y CIENCIAS DE LA COMUNICACION,EDUCACIÓN PRIMARIA,MASCULINO,17
2021,CIUDAD UNIVERSITARIA TRUJILLO,EDUCACION Y CIENCIAS DE LA COMUNICACION,EDUCACIÓN SECUNDARIA - MENCIÓN EN IDIOMAS - INGLÉS FRANCÉS O INGLÉS ALEMÁN,FEMENINO,163
2021,CIUDAD UNIVERSITARIA TRUJILLO,EDUCACION Y CIENCIAS DE LA COMUNICACION,EDUCACIÓN SECUNDARIA - MENCIÓN EN IDIOMAS - INGLÉS FRANCÉS O INGLÉS ALEMÁN,MASCULINO,43
2021,CIUDAD UNIVERSITARIA TRUJILLO,EDUCACION Y CIENCIAS DE LA COMUNICACION,EDUCACIÓN SECUNDARIA - MENCIÓN LENGUA Y LITERATURA,FEMENINO,119
2021,CIUDAD UNIVERSITARIA TRUJILLO,EDUCACION Y CIENCIAS DE LA COMUNICACION,EDUCACIÓN SECUNDARIA - MENCIÓN LENGUA Y LITERATURA,MASCULINO,69
2021,CIUDAD UNIVERSITARIA TRUJILLO,EDUCACION Y CIENCIAS DE LA COMUNICACION,EDUCACIÓN SECUNDARIA CON MENCIÓN EN FILOSOFÍA - PSICOLOGÍA Y CIENCIAS SOCIALES,FEMENINO,82
2021,CIUDAD UNIVERSITARIA TRUJILLO,EDUCACION Y CIENCIAS DE LA COMUNICACION,EDUCACIÓN SECUNDARIA CON MENCIÓN EN FILOSOFÍA - PSICOLOGÍA Y CIENCIAS SOCIALES,MASCULINO,68
2021,CIUDAD UNIVERSITARIA TRUJILLO,EDUCACION Y CIENCIAS DE LA COMUNICACION,EDUCACIÓN SECUNDARIA CON MENCIÓN EN HISTORIA Y GEOGRAFÍA,FEMENINO,58
2021,CIUDAD UNIVERSITARIA TRUJILLO,EDUCACION Y CIENCIAS DE LA COMUNICACION,EDUCACIÓN SECUNDARIA CON MENCIÓN EN HISTORIA Y GEOGRAFÍA,MASCULINO,90
2021,CIUDAD UNIVERSITARIA TRUJILLO,EDUCACION Y CIENCIAS DE LA COMUNICACION,EDUCACIÓN SECUNDARIA MENCIÓN EN CIENCIAS MATEMÁTICAS,FEMENINO,32
2021,CIUDAD UNIVERSITARIA TRUJILLO,EDUCACION Y CIENCIAS DE LA COMUNICACION,EDUCACIÓN SECUNDARIA MENCIÓN EN CIENCIAS MATEMÁTICAS,MASCULINO,50
2021,CIUDAD UNIVERSITARIA TRUJILLO,ENFERMERIA,ENFERMERÍA,FEMENINO,351
2021,CIUDAD UNIVERSITARIA TRUJILLO,ENFERMERIA,ENFERMERÍA,MASCULINO,30
2021,CIUDAD UNIVERSITARIA TRUJILLO,ESTOMATOLOGIA,ESTOMATOLOGÍA,FEMENINO,101
2021,CIUDAD UNIVERSITARIA TRUJILLO,ESTOMATOLOGIA,ESTOMATOLOGÍA,MASCULINO,47
2021,CIUDAD UNIVERSITARIA TRUJILLO,FARMACIA Y BIOQUIMICA,FARMACIA Y BIOQUÍMICA,FEMENINO,390
2021,CIUDAD UNIVERSITARIA TRUJILLO,FARMACIA Y BIOQUIMICA,FARMACIA Y BIOQUÍMICA,MASCULINO,216
2021,CIUDAD UNIVERSITARIA TRUJILLO,INGENIERIA,ARQUITECTURA Y URBANISMO,FEMENINO,125
2021,CIUDAD UNIVERSITARIA TRUJILLO,INGENIERIA,ARQUITECTURA Y URBANISMO,MASCULINO,147
2021,CIUDAD UNIVERSITARIA TRUJILLO,INGENIERIA,INGENIERÍA CIVIL,FEMENINO,25
2021,CIUDAD UNIVERSITARIA TRUJILLO,INGENIERIA,INGENIERÍA CIVIL,MASCULINO,258
2021,CIUDAD UNIVERSITARIA TRUJILLO,INGENIERIA,INGENIERÍA DE MATERIALES,FEMENINO,69
2021,CIUDAD UNIVERSITARIA TRUJILLO,INGENIERIA,INGENIERÍA DE MATERIALES,MASCULINO,185
2021,CIUDAD UNIVERSITARIA TRUJILLO,INGENIERIA,INGENIERÍA DE MINAS,FEMENINO,21
2021,CIUDAD UNIVERSITARIA TRUJILLO,INGENIERIA,INGENIERÍA DE MINAS,MASCULINO,207
2021,CIUDAD UNIVERSITARIA TRUJILLO,INGENIERIA,INGENIERÍA DE SISTEMAS,FEMENINO,33
2021,CIUDAD UNIVERSITARIA TRUJILLO,INGENIERIA,INGENIERÍA DE SISTEMAS,MASCULINO,243
2021,CIUDAD UNIVERSITARIA TRUJILLO,INGENIERIA,INGENIERÍA INDUSTRIAL,FEMENINO,150
2021,CIUDAD UNIVERSITARIA TRUJILLO,INGENIERIA,INGENIERÍA INDUSTRIAL,MASCULINO,387
2021,CIUDAD UNIVERSITARIA TRUJILLO,INGENIERIA,INGENIERÍA MECATRÓNICA,FEMENINO,11
2021,CIUDAD UNIVERSITARIA TRUJILLO,INGENIERIA,INGENIERÍA MECATRÓNICA,MASCULINO,235
2021,CIUDAD UNIVERSITARIA TRUJILLO,INGENIERIA,INGENIERÍA MECÁNICA,FEMENINO,9
2021,CIUDAD UNIVERSITARIA TRUJILLO,INGENIERIA,INGENIERÍA MECÁNICA,MASCULINO,339
2021,CIUDAD UNIVERSITARIA TRUJILLO,INGENIERIA,INGENIERÍA METALÚRGICA,FEMENINO,29
2021,CIUDAD UNIVERSITARIA TRUJILLO,INGENIERIA,INGENIERÍA METALÚRGICA,MASCULINO,208
2021,CIUDAD UNIVERSITARIA TRUJILLO,INGENIERIA QUIMICA,INGENIERÍA AMBIENTAL,FEMENINO,197
2021,CIUDAD UNIVERSITARIA TRUJILLO,INGENIERIA QUIMICA,INGENIERÍA AMBIENTAL,MASCULINO,226
2021,CIUDAD UNIVERSITARIA TRUJILLO,INGENIERIA QUIMICA,INGENIERÍA QUÍMICA,FEMENINO,184
2021,CIUDAD UNIVERSITARIA TRUJILLO,INGENIERIA QUIMICA,INGENIERÍA QUÍMICA,MASCULINO,333
2021,CIUDAD UNIVERSITARIA TRUJILLO,MEDICINA,MEDICINA,FEMENINO,297
2021,CIUDAD UNIVERSITARIA TRUJILLO,MEDICINA,MEDICINA,MASCULINO,467
2021,SEDE HUAMACHUCO,CIENCIAS AGROPECUARIAS,INGENIERÍA AGROINDUSTRIAL,FEMENINO,59
2021,SEDE HUAMACHUCO,CIENCIAS AGROPECUARIAS,INGENIERÍA AGROINDUSTRIAL,MASCULINO,84
2021,SEDE HUAMACHUCO,CIENCIAS ECONOMICAS,ADMINISTRACIÓN,FEMENINO,120
2021,SEDE HUAMACHUCO,CIENCIAS ECONOMICAS,ADMINISTRACIÓN,MASCULINO,92
2021,SEDE HUAMACHUCO,ENFERMERIA,ENFERMERÍA,FEMENINO,138
2021,SEDE HUAMACHUCO,ENFERMERIA,ENFERMERÍA,MASCULINO,14
2021,SEDE HUAMACHUCO,INGENIERIA,INGENIERÍA DE MINAS,FEMENINO,31
2021,SEDE HUAMACHUCO,INGENIERIA,INGENIERÍA DE MINAS,MASCULINO,129
2021,SEDE SANTIAGO DE CHUCO,CIENCIAS AGROPECUARIAS,AGRONOMÍA,FEMENINO,35
2021,SEDE SANTIAGO DE CHUCO,CIENCIAS AGROPECUARIAS,AGRONOMÍA,MASCULINO,31
2021,SEDE SANTIAGO DE CHUCO,INGENIERIA QUIMICA,INGENIERÍA AMBIENTAL,FEMENINO,45
2021,SEDE SANTIAGO DE CHUCO,INGENIERIA QUIMICA,INGENIERÍA AMBIENTAL,MASCULINO,57
2021,SEDE VALLE JEQUETEPEQUE,CIENCIAS AGROPECUARIAS,AGRONOMÍA,FEMENINO,32
2021,SEDE VALLE JEQUETEPEQUE,CIENCIAS AGROPECUARIAS,AGRONOMÍA,MASCULINO,51
2021,SEDE VALLE JEQUETEPEQUE,CIENCIAS AGROPECUARIAS,INGENIERÍA AGROINDUSTRIAL,FEMENINO,64
2021,SEDE VALLE JEQUETEPEQUE,CIENCIAS AGROPECUARIAS,INGENIERÍA AGROINDUSTRIAL,MASCULINO,83
2021,SEDE VALLE JEQUETEPEQUE,CIENCIAS ECONOMICAS,ADMINISTRACIÓN,FEMENINO,118
2021,SEDE VALLE JEQUETEPEQUE,CIENCIAS ECONOMICAS,ADMINISTRACIÓN,MASCULINO,75
2021,SEDE VALLE JEQUETEPEQUE,CIENCIAS ECONOMICAS,CONTABILIDAD Y FINANZAS,FEMENINO,103
2021,SEDE VALLE JEQUETEPEQUE,CIENCIAS ECONOMICAS,CONTABILIDAD Y FINANZAS,MASCULINO,57
2021,SEDE VALLE JEQUETEPEQUE,CIENCIAS FISICAS Y MATEMATICAS,INGENIERÍA INFORMÁTICA,FEMENINO,20
2021,SEDE VALLE JEQUETEPEQUE,CIENCIAS FISICAS Y MATEMATICAS,INGENIERÍA INFORMÁTICA,MASCULINO,73
2021,SEDE VALLE JEQUETEPEQUE,CIENCIAS SOCIALES,TRABAJO SOCIAL,FEMENINO,163
2021,SEDE VALLE JEQUETEPEQUE,CIENCIAS SOCIALES,TRABAJO SOCIAL,MASCULINO,4
2021,SEDE VALLE JEQUETEPEQUE,ENFERMERIA,ENFERMERÍA,FEMENINO,128
2021,SEDE VALLE JEQUETEPEQUE,ENFERMERIA,ENFERMERÍA,MASCULINO,14
2021,SEDE VALLE JEQUETEPEQUE,INGENIERIA,INGENIERÍA DE SISTEMAS,FEMENINO,39
2021,SEDE VALLE JEQUETEPEQUE,INGENIERIA,INGENIERÍA DE SISTEMAS,MASCULINO,129
2021,SEDE VALLE JEQUETEPEQUE,INGENIERIA,INGENIERÍA INDUSTRIAL,FEMENINO,81
2021,SEDE VALLE JEQUETEPEQUE,INGENIERIA,INGENIERÍA INDUSTRIAL,MASCULINO,93
2021,SEDE VALLE JEQUETEPEQUE,INGENIERIA,INGENIERÍA MECÁNICA,FEMENINO,2
2021,SEDE VALLE JEQUETEPEQUE,INGENIERIA,INGENIERÍA MECÁNICA,MASCULINO,134
2022,CIUDAD UNIVERSITARIA TRUJILLO,CIENCIAS AGROPECUARIAS,AGRONOMÍA,FEMENINO,93
2022,CIUDAD UNIVERSITARIA TRUJILLO,CIENCIAS AGROPECUARIAS,AGRONOMÍA,MASCULINO,164
2022,CIUDAD UNIVERSITARIA TRUJILLO,CIENCIAS AGROPECUARIAS,INGENIERÍA AGROINDUSTRIAL,FEMENINO,109
2022,CIUDAD UNIVERSITARIA TRUJILLO,CIENCIAS AGROPECUARIAS,INGENIERÍA AGROINDUSTRIAL,MASCULINO,153
2022,CIUDAD UNIVERSITARIA TRUJILLO,CIENCIAS AGROPECUARIAS,INGENIERÍA AGRÍCOLA,FEMENINO,71
2022,CIUDAD UNIVERSITARIA TRUJILLO,CIENCIAS AGROPECUARIAS,INGENIERÍA AGRÍCOLA,MASCULINO,158
2022,CIUDAD UNIVERSITARIA TRUJILLO,CIENCIAS AGROPECUARIAS,ZOOTECNIA,FEMENINO,114
2022,CIUDAD UNIVERSITARIA TRUJILLO,CIENCIAS AGROPECUARIAS,ZOOTECNIA,MASCULINO,108
2022,CIUDAD UNIVERSITARIA TRUJILLO,CIENCIAS BIOLOGICAS,CIENCIAS BIOLÓGICAS,FEMENINO,163
2022,CIUDAD UNIVERSITARIA TRUJILLO,CIENCIAS BIOLOGICAS,CIENCIAS BIOLÓGICAS,MASCULINO,124
2022,CIUDAD UNIVERSITARIA TRUJILLO,CIENCIAS BIOLOGICAS,MICROBIOLOGÍA Y PARASITOLOGÍA,FEMENINO,168
2022,CIUDAD UNIVERSITARIA TRUJILLO,CIENCIAS BIOLOGICAS,MICROBIOLOGÍA Y PARASITOLOGÍA,MASCULINO,110
2022,CIUDAD UNIVERSITARIA TRUJILLO,CIENCIAS BIOLOGICAS,PESQUERÍA,FEMENINO,48
2022,CIUDAD UNIVERSITARIA TRUJILLO,CIENCIAS BIOLOGICAS,PESQUERÍA,MASCULINO,100
2022,CIUDAD UNIVERSITARIA TRUJILLO,CIENCIAS ECONOMICAS,ADMINISTRACIÓN,FEMENINO,309
2022,CIUDAD UNIVERSITARIA TRUJILLO,CIENCIAS ECONOMICAS,ADMINISTRACIÓN,MASCULINO,220
2022,CIUDAD UNIVERSITARIA TRUJILLO,CIENCIAS ECONOMICAS,CONTABILIDAD Y FINANZAS,FEMENINO,342
2022,CIUDAD UNIVERSITARIA TRUJILLO,CIENCIAS ECONOMICAS,CONTABILIDAD Y FINANZAS,MASCULINO,183
2022,CIUDAD UNIVERSITARIA TRUJILLO,CIENCIAS ECONOMICAS,ECONOMÍA,FEMENINO,246
2022,CIUDAD UNIVERSITARIA TRUJILLO,CIENCIAS ECONOMICAS,ECONOMÍA,MASCULINO,255
2022,CIUDAD UNIVERSITARIA TRUJILLO,CIENCIAS FISICAS Y MATEMATICAS,FÍSICA,FEMENINO,7
2022,CIUDAD UNIVERSITARIA TRUJILLO,CIENCIAS FISICAS Y MATEMATICAS,FÍSICA,MASCULINO,78
2022,CIUDAD UNIVERSITARIA TRUJILLO,CIENCIAS FISICAS Y MATEMATICAS,INGENIERÍA ESTADÍSTICA,FEMENINO,56
2022,CIUDAD UNIVERSITARIA TRUJILLO,CIENCIAS FISICAS Y MATEMATICAS,INGENIERÍA ESTADÍSTICA,MASCULINO,105
2022,CIUDAD UNIVERSITARIA TRUJILLO,CIENCIAS FISICAS Y MATEMATICAS,INGENIERÍA INFORMÁTICA,FEMENINO,34
2022,CIUDAD UNIVERSITARIA TRUJILLO,CIENCIAS FISICAS Y MATEMATICAS,INGENIERÍA INFORMÁTICA,MASCULINO,284
2022,CIUDAD UNIVERSITARIA TRUJILLO,CIENCIAS FISICAS Y MATEMATICAS,MATEMÁTICA,FEMENINO,15
2022,CIUDAD UNIVERSITARIA TRUJILLO,CIENCIAS FISICAS Y MATEMATICAS,MATEMÁTICA,MASCULINO,68
2022,CIUDAD UNIVERSITARIA TRUJILLO,CIENCIAS SOCIALES,ANTROPOLOGÍA,FEMENINO,95
2022,CIUDAD UNIVERSITARIA TRUJILLO,CIENCIAS SOCIALES,ANTROPOLOGÍA,MASCULINO,54
2022,CIUDAD UNIVERSITARIA TRUJILLO,CIENCIAS SOCIALES,ARQUEOLOGÍA,FEMENINO,71
2022,CIUDAD UNIVERSITARIA TRUJILLO,CIENCIAS SOCIALES,ARQUEOLOGÍA,MASCULINO,51
2022,CIUDAD UNIVERSITARIA TRUJILLO,CIENCIAS SOCIALES,HISTORIA,FEMENINO,34
2022,CIUDAD UNIVERSITARIA TRUJILLO,CIENCIAS SOCIALES,HISTORIA,MASCULINO,47
2022,CIUDAD UNIVERSITARIA TRUJILLO,CIENCIAS SOCIALES,TRABAJO SOCIAL,FEMENINO,221
2022,CIUDAD UNIVERSITARIA TRUJILLO,CIENCIAS SOCIALES,TRABAJO SOCIAL,MASCULINO,7
2022,CIUDAD UNIVERSITARIA TRUJILLO,CIENCIAS SOCIALES,TURISMO,FEMENINO,162
2022,CIUDAD UNIVERSITARIA TRUJILLO,CIENCIAS SOCIALES,TURISMO,MASCULINO,58
2022,CIUDAD UNIVERSITARIA TRUJILLO,DERECHO,CIENCIA POLÍTICA Y GOBERNABILIDAD,FEMENINO,121
2022,CIUDAD UNIVERSITARIA TRUJILLO,DERECHO,CIENCIA POLÍTICA Y GOBERNABILIDAD,MASCULINO,97
2022,CIUDAD UNIVERSITARIA TRUJILLO,DERECHO,DERECHO Y CIENCIAS POLÍTICAS,FEMENINO,373
2022,CIUDAD UNIVERSITARIA TRUJILLO,DERECHO,DERECHO Y CIENCIAS POLÍTICAS,MASCULINO,234
2022,CIUDAD UNIVERSITARIA TRUJILLO,EDUCACION Y CIENCIAS DE LA COMUNICACION,CIENCIAS DE LA COMUNICACIÓN,FEMENINO,130
2022,CIUDAD UNIVERSITARIA TRUJILLO,EDUCACION Y CIENCIAS DE LA COMUNICACION,CIENCIAS DE LA COMUNICACIÓN,MASCULINO,99
2022,CIUDAD UNIVERSITARIA TRUJILLO,EDUCACION Y CIENCIAS DE LA COMUNICACION,EDUCACIÓN INICIAL,FEMENINO,204
2022,CIUDAD UNIVERSITARIA TRUJILLO,EDUCACION Y CIENCIAS DE LA COMUNICACION,EDUCACIÓN PRIMARIA,FEMENINO,157
2022,CIUDAD UNIVERSITARIA TRUJILLO,EDUCACION Y CIENCIAS DE LA COMUNICACION,EDUCACIÓN PRIMARIA,MASCULINO,15
2022,CIUDAD UNIVERSITARIA TRUJILLO,EDUCACION Y CIENCIAS DE LA COMUNICACION,EDUCACIÓN SECUNDARIA - MENCIÓN EN IDIOMAS - INGLÉS FRANCÉS O INGLÉS ALEMÁN,FEMENINO,162
2022,CIUDAD UNIVERSITARIA TRUJILLO,EDUCACION Y CIENCIAS DE LA COMUNICACION,EDUCACIÓN SECUNDARIA - MENCIÓN EN IDIOMAS - INGLÉS FRANCÉS O INGLÉS ALEMÁN,MASCULINO,47
2022,CIUDAD UNIVERSITARIA TRUJILLO,EDUCACION Y CIENCIAS DE LA COMUNICACION,EDUCACIÓN SECUNDARIA - MENCIÓN LENGUA Y LITERATURA,FEMENINO,128
2022,CIUDAD UNIVERSITARIA TRUJILLO,EDUCACION Y CIENCIAS DE LA COMUNICACION,EDUCACIÓN SECUNDARIA - MENCIÓN LENGUA Y LITERATURA,MASCULINO,68
2022,CIUDAD UNIVERSITARIA TRUJILLO,EDUCACION Y CIENCIAS DE LA COMUNICACION,EDUCACIÓN SECUNDARIA CON MENCIÓN EN FILOSOFÍA - PSICOLOGÍA Y CIENCIAS SOCIALES,FEMENINO,86
2022,CIUDAD UNIVERSITARIA TRUJILLO,EDUCACION Y CIENCIAS DE LA COMUNICACION,EDUCACIÓN SECUNDARIA CON MENCIÓN EN FILOSOFÍA - PSICOLOGÍA Y CIENCIAS SOCIALES,MASCULINO,62
2022,CIUDAD UNIVERSITARIA TRUJILLO,EDUCACION Y CIENCIAS DE LA COMUNICACION,EDUCACIÓN SECUNDARIA CON MENCIÓN EN HISTORIA Y GEOGRAFÍA,FEMENINO,54
2022,CIUDAD UNIVERSITARIA TRUJILLO,EDUCACION Y CIENCIAS DE LA COMUNICACION,EDUCACIÓN SECUNDARIA CON MENCIÓN EN HISTORIA Y GEOGRAFÍA,MASCULINO,78
2022,CIUDAD UNIVERSITARIA TRUJILLO,EDUCACION Y CIENCIAS DE LA COMUNICACION,EDUCACIÓN SECUNDARIA MENCIÓN EN CIENCIAS MATEMÁTICAS,FEMENINO,29
2022,CIUDAD UNIVERSITARIA TRUJILLO,EDUCACION Y CIENCIAS DE LA COMUNICACION,EDUCACIÓN SECUNDARIA MENCIÓN EN CIENCIAS MATEMÁTICAS,MASCULINO,53
2022,CIUDAD UNIVERSITARIA TRUJILLO,ENFERMERIA,ENFERMERÍA,FEMENINO,324
2022,CIUDAD UNIVERSITARIA TRUJILLO,ENFERMERIA,ENFERMERÍA,MASCULINO,29
2022,CIUDAD UNIVERSITARIA TRUJILLO,ESTOMATOLOGIA,ESTOMATOLOGÍA,FEMENINO,97
2022,CIUDAD UNIVERSITARIA TRUJILLO,ESTOMATOLOGIA,ESTOMATOLOGÍA,MASCULINO,34
2022,CIUDAD UNIVERSITARIA TRUJILLO,FARMACIA Y BIOQUIMICA,FARMACIA Y BIOQUÍMICA,FEMENINO,365
2022,CIUDAD UNIVERSITARIA TRUJILLO,FARMACIA Y BIOQUIMICA,FARMACIA Y BIOQUÍMICA,MASCULINO,212
2022,CIUDAD UNIVERSITARIA TRUJILLO,INGENIERIA,ARQUITECTURA Y URBANISMO,FEMENINO,128
2022,CIUDAD UNIVERSITARIA TRUJILLO,INGENIERIA,ARQUITECTURA Y URBANISMO,MASCULINO,144
2022,CIUDAD UNIVERSITARIA TRUJILLO,INGENIERIA,INGENIERÍA CIVIL,FEMENINO,29
2022,CIUDAD UNIVERSITARIA TRUJILLO,INGENIERIA,INGENIERÍA CIVIL,MASCULINO,256
2022,CIUDAD UNIVERSITARIA TRUJILLO,INGENIERIA,INGENIERÍA DE MATERIALES,FEMENINO,60
2022,CIUDAD UNIVERSITARIA TRUJILLO,INGENIERIA,INGENIERÍA DE MATERIALES,MASCULINO,158
2022,CIUDAD UNIVERSITARIA TRUJILLO,INGENIERIA,INGENIERÍA DE MINAS,FEMENINO,22
2022,CIUDAD UNIVERSITARIA TRUJILLO,INGENIERIA,INGENIERÍA DE MINAS,MASCULINO,199
2022,CIUDAD UNIVERSITARIA TRUJILLO,INGENIERIA,INGENIERÍA DE SISTEMAS,FEMENINO,25
2022,CIUDAD UNIVERSITARIA TRUJILLO,INGENIERIA,INGENIERÍA DE SISTEMAS,MASCULINO,233
2022,CIUDAD UNIVERSITARIA TRUJILLO,INGENIERIA,INGENIERÍA INDUSTRIAL,FEMENINO,140
2022,CIUDAD UNIVERSITARIA TRUJILLO,INGENIERIA,INGENIERÍA INDUSTRIAL,MASCULINO,378
2022,CIUDAD UNIVERSITARIA TRUJILLO,INGENIERIA,INGENIERÍA MECATRÓNICA,FEMENINO,11
2022,CIUDAD UNIVERSITARIA TRUJILLO,INGENIERIA,INGENIERÍA MECATRÓNICA,MASCULINO,216
2022,CIUDAD UNIVERSITARIA TRUJILLO,INGENIERIA,INGENIERÍA MECÁNICA,FEMENINO,10
2022,CIUDAD UNIVERSITARIA TRUJILLO,INGENIERIA,INGENIERÍA MECÁNICA,MASCULINO,307
2022,CIUDAD UNIVERSITARIA TRUJILLO,INGENIERIA,INGENIERÍA METALÚRGICA,FEMENINO,32
2022,CIUDAD UNIVERSITARIA TRUJILLO,INGENIERIA,INGENIERÍA METALÚRGICA,MASCULINO,208
2022,CIUDAD UNIVERSITARIA TRUJILLO,INGENIERIA QUIMICA,INGENIERÍA AMBIENTAL,FEMENINO,207
2022,CIUDAD UNIVERSITARIA TRUJILLO,INGENIERIA QUIMICA,INGENIERÍA AMBIENTAL,MASCULINO,242
2022,CIUDAD UNIVERSITARIA TRUJILLO,INGENIERIA QUIMICA,INGENIERÍA QUÍMICA,FEMENINO,186
2022,CIUDAD UNIVERSITARIA TRUJILLO,INGENIERIA QUIMICA,INGENIERÍA QUÍMICA,MASCULINO,325
2022,CIUDAD UNIVERSITARIA TRUJILLO,MEDICINA,MEDICINA,FEMENINO,305
2022,CIUDAD UNIVERSITARIA TRUJILLO,MEDICINA,MEDICINA,MASCULINO,462
2022,SEDE HUAMACHUCO,CIENCIAS AGROPECUARIAS,INGENIERÍA AGROINDUSTRIAL,FEMENINO,54
2022,SEDE HUAMACHUCO,CIENCIAS AGROPECUARIAS,INGENIERÍA AGROINDUSTRIAL,MASCULINO,77
2022,SEDE HUAMACHUCO,CIENCIAS ECONOMICAS,ADMINISTRACIÓN,FEMENINO,109
2022,SEDE HUAMACHUCO,CIENCIAS ECONOMICAS,ADMINISTRACIÓN,MASCULINO,81
2022,SEDE HUAMACHUCO,ENFERMERIA,ENFERMERÍA,FEMENINO,123
2022,SEDE HUAMACHUCO,ENFERMERIA,ENFERMERÍA,MASCULINO,17
2022,SEDE HUAMACHUCO,INGENIERIA,INGENIERÍA DE MINAS,FEMENINO,31
2022,SEDE HUAMACHUCO,INGENIERIA,INGENIERÍA DE MINAS,MASCULINO,133
2022,SEDE SANTIAGO DE CHUCO,CIENCIAS AGROPECUARIAS,AGRONOMÍA,FEMENINO,30
2022,SEDE SANTIAGO DE CHUCO,CIENCIAS AGROPECUARIAS,AGRONOMÍA,MASCULINO,34
2022,SEDE SANTIAGO DE CHUCO,INGENIERIA QUIMICA,INGENIERÍA AMBIENTAL,FEMENINO,45
2022,SEDE SANTIAGO DE CHUCO,INGENIERIA QUIMICA,INGENIERÍA AMBIENTAL,MASCULINO,48
2022,SEDE VALLE JEQUETEPEQUE,CIENCIAS AGROPECUARIAS,AGRONOMÍA,FEMENINO,2
2022,SEDE VALLE JEQUETEPEQUE,CIENCIAS AGROPECUARIAS,AGRONOMÍA,MASCULINO,2
2022,SEDE VALLE JEQUETEPEQUE,CIENCIAS AGROPECUARIAS,INGENIERÍA AGROINDUSTRIAL,FEMENINO,55
2022,SEDE VALLE JEQUETEPEQUE,CIENCIAS AGROPECUARIAS,INGENIERÍA AGROINDUSTRIAL,MASCULINO,82
2022,SEDE VALLE JEQUETEPEQUE,CIENCIAS ECONOMICAS,ADMINISTRACIÓN,FEMENINO,108
2022,SEDE VALLE JEQUETEPEQUE,CIENCIAS ECONOMICAS,ADMINISTRACIÓN,MASCULINO,77
2022,SEDE VALLE JEQUETEPEQUE,CIENCIAS ECONOMICAS,CONTABILIDAD Y FINANZAS,FEMENINO,96
2022,SEDE VALLE JEQUETEPEQUE,CIENCIAS ECONOMICAS,CONTABILIDAD Y FINANZAS,MASCULINO,50
2022,SEDE VALLE JEQUETEPEQUE,CIENCIAS FISICAS Y MATEMATICAS,INGENIERÍA INFORMÁTICA,FEMENINO,22
2022,SEDE VALLE JEQUETEPEQUE,CIENCIAS FISICAS Y MATEMATICAS,INGENIERÍA INFORMÁTICA,MASCULINO,77
2022,SEDE VALLE JEQUETEPEQUE,CIENCIAS SOCIALES,TRABAJO SOCIAL,FEMENINO,141
2022,SEDE VALLE JEQUETEPEQUE,CIENCIAS SOCIALES,TRABAJO SOCIAL,MASCULINO,1
2022,SEDE VALLE JEQUETEPEQUE,ENFERMERIA,ENFERMERÍA,FEMENINO,121
2022,SEDE VALLE JEQUETEPEQUE,ENFERMERIA,ENFERMERÍA,MASCULINO,18
2022,SEDE VALLE JEQUETEPEQUE,INGENIERIA,INGENIERÍA DE SISTEMAS,FEMENINO,30
2022,SEDE VALLE JEQUETEPEQUE,INGENIERIA,INGENIERÍA DE SISTEMAS,MASCULINO,127
2022,SEDE VALLE JEQUETEPEQUE,INGENIERIA,INGENIERÍA INDUSTRIAL,FEMENINO,72
2022,SEDE VALLE JEQUETEPEQUE,INGENIERIA,INGENIERÍA INDUSTRIAL,MASCULINO,83
2022,SEDE VALLE JEQUETEPEQUE,INGENIERIA,INGENIERÍA MECÁNICA,FEMENINO,2
2022,SEDE VALLE JEQUETEPEQUE,INGENIERIA,INGENIERÍA MECÁNICA,MASCULINO,132
2023,CIUDAD UNIVERSITARIA TRUJILLO,CIENCIAS AGROPECUARIAS,AGRONOMÍA,FEMENINO,93
2023,CIUDAD UNIVERSITARIA TRUJILLO,CIENCIAS AGROPECUARIAS,AGRONOMÍA,MASCULINO,159
2023,CIUDAD UNIVERSITARIA TRUJILLO,CIENCIAS AGROPECUARIAS,INGENIERÍA AGROINDUSTRIAL,FEMENINO,117
2023,CIUDAD UNIVERSITARIA TRUJILLO,CIENCIAS AGROPECUARIAS,INGENIERÍA AGROINDUSTRIAL,MASCULINO,140
2023,CIUDAD UNIVERSITARIA TRUJILLO,CIENCIAS AGROPECUARIAS,INGENIERÍA AGRÍCOLA,FEMENINO,75
2023,CIUDAD UNIVERSITARIA TRUJILLO,CIENCIAS AGROPECUARIAS,INGENIERÍA AGRÍCOLA,MASCULINO,170
2023,CIUDAD UNIVERSITARIA TRUJILLO,CIENCIAS AGROPECUARIAS,ZOOTECNIA,FEMENINO,111
2023,CIUDAD UNIVERSITARIA TRUJILLO,CIENCIAS AGROPECUARIAS,ZOOTECNIA,MASCULINO,110
2023,CIUDAD UNIVERSITARIA TRUJILLO,CIENCIAS BIOLOGICAS,CIENCIAS BIOLÓGICAS,FEMENINO,158
2023,CIUDAD UNIVERSITARIA TRUJILLO,CIENCIAS BIOLOGICAS,CIENCIAS BIOLÓGICAS,MASCULINO,133
2023,CIUDAD UNIVERSITARIA TRUJILLO,CIENCIAS BIOLOGICAS,MICROBIOLOGÍA Y PARASITOLOGÍA,FEMENINO,181
2023,CIUDAD UNIVERSITARIA TRUJILLO,CIENCIAS BIOLOGICAS,MICROBIOLOGÍA Y PARASITOLOGÍA,MASCULINO,125
2023,CIUDAD UNIVERSITARIA TRUJILLO,CIENCIAS BIOLOGICAS,PESQUERÍA,FEMENINO,62
2023,CIUDAD UNIVERSITARIA TRUJILLO,CIENCIAS BIOLOGICAS,PESQUERÍA,MASCULINO,95
2023,CIUDAD UNIVERSITARIA TRUJILLO,CIENCIAS ECONOMICAS,ADMINISTRACIÓN,FEMENINO,306
2023,CIUDAD UNIVERSITARIA TRUJILLO,CIENCIAS ECONOMICAS,ADMINISTRACIÓN,MASCULINO,218
2023,CIUDAD UNIVERSITARIA TRUJILLO,CIENCIAS ECONOMICAS,CONTABILIDAD Y FINANZAS,FEMENINO,334
2023,CIUDAD UNIVERSITARIA TRUJILLO,CIENCIAS ECONOMICAS,CONTABILIDAD Y FINANZAS,MASCULINO,194
2023,CIUDAD UNIVERSITARIA TRUJILLO,CIENCIAS ECONOMICAS,ECONOMÍA,FEMENINO,250
2023,CIUDAD UNIVERSITARIA TRUJILLO,CIENCIAS ECONOMICAS,ECONOMÍA,MASCULINO,253
2023,CIUDAD UNIVERSITARIA TRUJILLO,CIENCIAS FISICAS Y MATEMATICAS,FÍSICA,FEMENINO,11
2023,CIUDAD UNIVERSITARIA TRUJILLO,CIENCIAS FISICAS Y MATEMATICAS,FÍSICA,MASCULINO,102
2023,CIUDAD UNIVERSITARIA TRUJILLO,CIENCIAS FISICAS Y MATEMATICAS,INGENIERÍA ESTADÍSTICA,FEMENINO,68
2023,CIUDAD UNIVERSITARIA TRUJILLO,CIENCIAS FISICAS Y MATEMATICAS,INGENIERÍA ESTADÍSTICA,MASCULINO,116
2023,CIUDAD UNIVERSITARIA TRUJILLO,CIENCIAS FISICAS Y MATEMATICAS,INGENIERÍA INFORMÁTICA,FEMENINO,34
2023,CIUDAD UNIVERSITARIA TRUJILLO,CIENCIAS FISICAS Y MATEMATICAS,INGENIERÍA INFORMÁTICA,MASCULINO,298
2023,CIUDAD UNIVERSITARIA TRUJILLO,CIENCIAS FISICAS Y MATEMATICAS,MATEMÁTICA,FEMENINO,20
2023,CIUDAD UNIVERSITARIA TRUJILLO,CIENCIAS FISICAS Y MATEMATICAS,MATEMÁTICA,MASCULINO,73
2023,CIUDAD UNIVERSITARIA TRUJILLO,CIENCIAS SOCIALES,ANTROPOLOGÍA,FEMENINO,93
2023,CIUDAD UNIVERSITARIA TRUJILLO,CIENCIAS SOCIALES,ANTROPOLOGÍA,MASCULINO,58
2023,CIUDAD UNIVERSITARIA TRUJILLO,CIENCIAS SOCIALES,ARQUEOLOGÍA,FEMENINO,76
2023,CIUDAD UNIVERSITARIA TRUJILLO,CIENCIAS SOCIALES,ARQUEOLOGÍA,MASCULINO,63
2023,CIUDAD UNIVERSITARIA TRUJILLO,CIENCIAS SOCIALES,HISTORIA,FEMENINO,42
2023,CIUDAD UNIVERSITARIA TRUJILLO,CIENCIAS SOCIALES,HISTORIA,MASCULINO,48
2023,CIUDAD UNIVERSITARIA TRUJILLO,CIENCIAS SOCIALES,TRABAJO SOCIAL,FEMENINO,202
2023,CIUDAD UNIVERSITARIA TRUJILLO,CIENCIAS SOCIALES,TRABAJO SOCIAL,MASCULINO,7
2023,CIUDAD UNIVERSITARIA TRUJILLO,CIENCIAS SOCIALES,TURISMO,FEMENINO,175
2023,CIUDAD UNIVERSITARIA TRUJILLO,CIENCIAS SOCIALES,TURISMO,MASCULINO,63
2023,CIUDAD UNIVERSITARIA TRUJILLO,DERECHO,CIENCIA POLÍTICA Y GOBERNABILIDAD,FEMENINO,117
2023,CIUDAD UNIVERSITARIA TRUJILLO,DERECHO,CIENCIA POLÍTICA Y GOBERNABILIDAD,MASCULINO,82
2023,CIUDAD UNIVERSITARIA TRUJILLO,DERECHO,DERECHO Y CIENCIAS POLÍTICAS,FEMENINO,509
2023,CIUDAD UNIVERSITARIA TRUJILLO,DERECHO,DERECHO Y CIENCIAS POLÍTICAS,MASCULINO,344
2023,CIUDAD UNIVERSITARIA TRUJILLO,EDUCACION Y CIENCIAS DE LA COMUNICACION,CIENCIAS DE LA COMUNICACIÓN,FEMENINO,135
2023,CIUDAD UNIVERSITARIA TRUJILLO,EDUCACION Y CIENCIAS DE LA COMUNICACION,CIENCIAS DE LA COMUNICACIÓN,MASCULINO,96
2023,CIUDAD UNIVERSITARIA TRUJILLO,EDUCACION Y CIENCIAS DE LA COMUNICACION,EDUCACIÓN INICIAL,FEMENINO,203
2023,CIUDAD UNIVERSITARIA TRUJILLO,EDUCACION Y CIENCIAS DE LA COMUNICACION,EDUCACIÓN PRIMARIA,FEMENINO,155
2023,CIUDAD UNIVERSITARIA TRUJILLO,EDUCACION Y CIENCIAS DE LA COMUNICACION,EDUCACIÓN PRIMARIA,MASCULINO,20
2023,CIUDAD UNIVERSITARIA TRUJILLO,EDUCACION Y CIENCIAS DE LA COMUNICACION,EDUCACIÓN SECUNDARIA - MENCIÓN EN IDIOMAS - INGLÉS FRANCÉS O INGLÉS ALEMÁN,FEMENINO,175
2023,CIUDAD UNIVERSITARIA TRUJILLO,EDUCACION Y CIENCIAS DE LA COMUNICACION,EDUCACIÓN SECUNDARIA - MENCIÓN EN IDIOMAS - INGLÉS FRANCÉS O INGLÉS ALEMÁN,MASCULINO,52
2023,CIUDAD UNIVERSITARIA TRUJILLO,EDUCACION Y CIENCIAS DE LA COMUNICACION,EDUCACIÓN SECUNDARIA - MENCIÓN LENGUA Y LITERATURA,FEMENINO,136
2023,CIUDAD UNIVERSITARIA TRUJILLO,EDUCACION Y CIENCIAS DE LA COMUNICACION,EDUCACIÓN SECUNDARIA - MENCIÓN LENGUA Y LITERATURA,MASCULINO,65
2023,CIUDAD UNIVERSITARIA TRUJILLO,EDUCACION Y CIENCIAS DE LA COMUNICACION,EDUCACIÓN SECUNDARIA CON MENCIÓN EN FILOSOFÍA - PSICOLOGÍA Y CIENCIAS SOCIALES,FEMENINO,88
2023,CIUDAD UNIVERSITARIA TRUJILLO,EDUCACION Y CIENCIAS DE LA COMUNICACION,EDUCACIÓN SECUNDARIA CON MENCIÓN EN FILOSOFÍA - PSICOLOGÍA Y CIENCIAS SOCIALES,MASCULINO,75
2023,CIUDAD UNIVERSITARIA TRUJILLO,EDUCACION Y CIENCIAS DE LA COMUNICACION,EDUCACIÓN SECUNDARIA CON MENCIÓN EN HISTORIA Y GEOGRAFÍA,FEMENINO,65
2023,CIUDAD UNIVERSITARIA TRUJILLO,EDUCACION Y CIENCIAS DE LA COMUNICACION,EDUCACIÓN SECUNDARIA CON MENCIÓN EN HISTORIA Y GEOGRAFÍA,MASCULINO,91
2023,CIUDAD UNIVERSITARIA TRUJILLO,EDUCACION Y CIENCIAS DE LA COMUNICACION,EDUCACIÓN SECUNDARIA MENCIÓN EN CIENCIAS MATEMÁTICAS,FEMENINO,33
2023,CIUDAD UNIVERSITARIA TRUJILLO,EDUCACION Y CIENCIAS DE LA COMUNICACION,EDUCACIÓN SECUNDARIA MENCIÓN EN CIENCIAS MATEMÁTICAS,MASCULINO,66
2023,CIUDAD UNIVERSITARIA TRUJILLO,ENFERMERIA,ENFERMERÍA,FEMENINO,305
2023,CIUDAD UNIVERSITARIA TRUJILLO,ENFERMERIA,ENFERMERÍA,MASCULINO,27
2023,CIUDAD UNIVERSITARIA TRUJILLO,ESTOMATOLOGIA,ESTOMATOLOGÍA,FEMENINO,90
2023,CIUDAD UNIVERSITARIA TRUJILLO,ESTOMATOLOGIA,ESTOMATOLOGÍA,MASCULINO,37
2023,CIUDAD UNIVERSITARIA TRUJILLO,FARMACIA Y BIOQUIMICA,FARMACIA Y BIOQUÍMICA,FEMENINO,331
2023,CIUDAD UNIVERSITARIA TRUJILLO,FARMACIA Y BIOQUIMICA,FARMACIA Y BIOQUÍMICA,MASCULINO,210
2023,CIUDAD UNIVERSITARIA TRUJILLO,INGENIERIA,ARQUITECTURA Y URBANISMO,FEMENINO,125
2023,CIUDAD UNIVERSITARIA TRUJILLO,INGENIERIA,ARQUITECTURA Y URBANISMO,MASCULINO,129
2023,CIUDAD UNIVERSITARIA TRUJILLO,INGENIERIA,INGENIERÍA CIVIL,FEMENINO,31
2023,CIUDAD UNIVERSITARIA TRUJILLO,INGENIERIA,INGENIERÍA CIVIL,MASCULINO,245
2023,CIUDAD UNIVERSITARIA TRUJILLO,INGENIERIA,INGENIERÍA DE MATERIALES,FEMENINO,62
2023,CIUDAD UNIVERSITARIA TRUJILLO,INGENIERIA,INGENIERÍA DE MATERIALES,MASCULINO,174
2023,CIUDAD UNIVERSITARIA TRUJILLO,INGENIERIA,INGENIERÍA DE MINAS,FEMENINO,25
2023,CIUDAD UNIVERSITARIA TRUJILLO,INGENIERIA,INGENIERÍA DE MINAS,MASCULINO,186
2023,CIUDAD UNIVERSITARIA TRUJILLO,INGENIERIA,INGENIERÍA DE SISTEMAS,FEMENINO,30
2023,CIUDAD UNIVERSITARIA TRUJILLO,INGENIERIA,INGENIERÍA DE SISTEMAS,MASCULINO,225
2023,CIUDAD UNIVERSITARIA TRUJILLO,INGENIERIA,INGENIERÍA INDUSTRIAL,FEMENINO,136
2023,CIUDAD UNIVERSITARIA TRUJILLO,INGENIERIA,INGENIERÍA INDUSTRIAL,MASCULINO,384
2023,CIUDAD UNIVERSITARIA TRUJILLO,INGENIERIA,INGENIERÍA MECATRÓNICA,FEMENINO,9
2023,CIUDAD UNIVERSITARIA TRUJILLO,INGENIERIA,INGENIERÍA MECATRÓNICA,MASCULINO,221
2023,CIUDAD UNIVERSITARIA TRUJILLO,INGENIERIA,INGENIERÍA MECÁNICA,FEMENINO,7
2023,CIUDAD UNIVERSITARIA TRUJILLO,INGENIERIA,INGENIERÍA MECÁNICA,MASCULINO,309
2023,CIUDAD UNIVERSITARIA TRUJILLO,INGENIERIA,INGENIERÍA METALÚRGICA,FEMENINO,30
2023,CIUDAD UNIVERSITARIA TRUJILLO,INGENIERIA,INGENIERÍA METALÚRGICA,MASCULINO,190
2023,CIUDAD UNIVERSITARIA TRUJILLO,INGENIERIA QUIMICA,INGENIERÍA AMBIENTAL,FEMENINO,224
2023,CIUDAD UNIVERSITARIA TRUJILLO,INGENIERIA QUIMICA,INGENIERÍA AMBIENTAL,MASCULINO,236
2023,CIUDAD UNIVERSITARIA TRUJILLO,INGENIERIA QUIMICA,INGENIERÍA QUÍMICA,FEMENINO,182
2023,CIUDAD UNIVERSITARIA TRUJILLO,INGENIERIA QUIMICA,INGENIERÍA QUÍMICA,MASCULINO,338
2023,CIUDAD UNIVERSITARIA TRUJILLO,MEDICINA,MEDICINA,FEMENINO,300
2023,CIUDAD UNIVERSITARIA TRUJILLO,MEDICINA,MEDICINA,MASCULINO,444
2023,SEDE HUAMACHUCO,CIENCIAS AGROPECUARIAS,INGENIERÍA AGROINDUSTRIAL,FEMENINO,56
2023,SEDE HUAMACHUCO,CIENCIAS AGROPECUARIAS,INGENIERÍA AGROINDUSTRIAL,MASCULINO,69
2023,SEDE HUAMACHUCO,CIENCIAS ECONOMICAS,ADMINISTRACIÓN,FEMENINO,102
2023,SEDE HUAMACHUCO,CIENCIAS ECONOMICAS,ADMINISTRACIÓN,MASCULINO,72
2023,SEDE HUAMACHUCO,ENFERMERIA,ENFERMERÍA,FEMENINO,125
2023,SEDE HUAMACHUCO,ENFERMERIA,ENFERMERÍA,MASCULINO,16
2023,SEDE HUAMACHUCO,INGENIERIA,INGENIERÍA DE MINAS,FEMENINO,29
2023,SEDE HUAMACHUCO,INGENIERIA,INGENIERÍA DE MINAS,MASCULINO,127
2023,SEDE SANTIAGO DE CHUCO,CIENCIAS AGROPECUARIAS,AGRONOMÍA,FEMENINO,28
2023,SEDE SANTIAGO DE CHUCO,CIENCIAS AGROPECUARIAS,AGRONOMÍA,MASCULINO,33
2023,SEDE SANTIAGO DE CHUCO,INGENIERIA QUIMICA,INGENIERÍA AMBIENTAL,FEMENINO,60
2023,SEDE SANTIAGO DE CHUCO,INGENIERIA QUIMICA,INGENIERÍA AMBIENTAL,MASCULINO,54
2023,SEDE VALLE JEQUETEPEQUE,CIENCIAS AGROPECUARIAS,AGRONOMÍA,FEMENINO,33
2023,SEDE VALLE JEQUETEPEQUE,CIENCIAS AGROPECUARIAS,AGRONOMÍA,MASCULINO,64
2023,SEDE VALLE JEQUETEPEQUE,CIENCIAS AGROPECUARIAS,INGENIERÍA AGROINDUSTRIAL,FEMENINO,51
2023,SEDE VALLE JEQUETEPEQUE,CIENCIAS AGROPECUARIAS,INGENIERÍA AGROINDUSTRIAL,MASCULINO,65
2023,SEDE VALLE JEQUETEPEQUE,CIENCIAS ECONOMICAS,ADMINISTRACIÓN,FEMENINO,95
2023,SEDE VALLE JEQUETEPEQUE,CIENCIAS ECONOMICAS,ADMINISTRACIÓN,MASCULINO,66
2023,SEDE VALLE JEQUETEPEQUE,CIENCIAS ECONOMICAS,CONTABILIDAD Y FINANZAS,FEMENINO,98
2023,SEDE VALLE JEQUETEPEQUE,CIENCIAS ECONOMICAS,CONTABILIDAD Y FINANZAS,MASCULINO,50
2023,SEDE VALLE JEQUETEPEQUE,CIENCIAS FISICAS Y MATEMATICAS,INGENIERÍA INFORMÁTICA,FEMENINO,25
2023,SEDE VALLE JEQUETEPEQUE,CIENCIAS FISICAS Y MATEMATICAS,INGENIERÍA INFORMÁTICA,MASCULINO,87
2023,SEDE VALLE JEQUETEPEQUE,CIENCIAS SOCIALES,TRABAJO SOCIAL,FEMENINO,135
2023,SEDE VALLE JEQUETEPEQUE,CIENCIAS SOCIALES,TRABAJO SOCIAL,MASCULINO,3
2023,SEDE VALLE JEQUETEPEQUE,ENFERMERIA,ENFERMERÍA,FEMENINO,121
2023,SEDE VALLE JEQUETEPEQUE,ENFERMERIA,ENFERMERÍA,MASCULINO,19
2023,SEDE VALLE JEQUETEPEQUE,INGENIERIA,INGENIERÍA DE SISTEMAS,FEMENINO,28
2023,SEDE VALLE JEQUETEPEQUE,INGENIERIA,INGENIERÍA DE SISTEMAS,MASCULINO,119
2023,SEDE VALLE JEQUETEPEQUE,INGENIERIA,INGENIERÍA INDUSTRIAL,FEMENINO,79
2023,SEDE VALLE JEQUETEPEQUE,INGENIERIA,INGENIERÍA INDUSTRIAL,MASCULINO,80
2023,SEDE VALLE JEQUETEPEQUE,INGENIERIA,INGENIERÍA MECÁNICA,FEMENINO,1
2023,SEDE VALLE JEQUETEPEQUE,INGENIERIA,INGENIERÍA MECÁNICA,MASCULINO,100
2024,CIUDAD UNIVERSITARIA TRUJILLO,CIENCIAS AGROPECUARIAS,AGRONOMÍA,FEMENINO,80
2024,CIUDAD UNIVERSITARIA TRUJILLO,CIENCIAS AGROPECUARIAS,AGRONOMÍA,MASCULINO,155
2024,CIUDAD UNIVERSITARIA TRUJILLO,CIENCIAS AGROPECUARIAS,INGENIERÍA AGROINDUSTRIAL,FEMENINO,106
2024,CIUDAD UNIVERSITARIA TRUJILLO,CIENCIAS AGROPECUARIAS,INGENIERÍA AGROINDUSTRIAL,MASCULINO,123
2024,CIUDAD UNIVERSITARIA TRUJILLO,CIENCIAS AGROPECUARIAS,INGENIERÍA AGRÍCOLA,FEMENINO,62
2024,CIUDAD UNIVERSITARIA TRUJILLO,CIENCIAS AGROPECUARIAS,INGENIERÍA AGRÍCOLA,MASCULINO,171
2024,CIUDAD UNIVERSITARIA TRUJILLO,CIENCIAS AGROPECUARIAS,ZOOTECNIA,FEMENINO,106
2024,CIUDAD UNIVERSITARIA TRUJILLO,CIENCIAS AGROPECUARIAS,ZOOTECNIA,MASCULINO,106
2024,CIUDAD UNIVERSITARIA TRUJILLO,CIENCIAS BIOLOGICAS,CIENCIAS BIOLÓGICAS,FEMENINO,163
2024,CIUDAD UNIVERSITARIA TRUJILLO,CIENCIAS BIOLOGICAS,CIENCIAS BIOLÓGICAS,MASCULINO,133
2024,CIUDAD UNIVERSITARIA TRUJILLO,CIENCIAS BIOLOGICAS,MICROBIOLOGÍA Y PARASITOLOGÍA,FEMENINO,169
2024,CIUDAD UNIVERSITARIA TRUJILLO,CIENCIAS BIOLOGICAS,MICROBIOLOGÍA Y PARASITOLOGÍA,MASCULINO,118
2024,CIUDAD UNIVERSITARIA TRUJILLO,CIENCIAS BIOLOGICAS,PESQUERÍA,FEMENINO,68
2024,CIUDAD UNIVERSITARIA TRUJILLO,CIENCIAS BIOLOGICAS,PESQUERÍA,MASCULINO,82
2024,CIUDAD UNIVERSITARIA TRUJILLO,CIENCIAS ECONOMICAS,ADMINISTRACIÓN,FEMENINO,291
2024,CIUDAD UNIVERSITARIA TRUJILLO,CIENCIAS ECONOMICAS,ADMINISTRACIÓN,MASCULINO,196
2024,CIUDAD UNIVERSITARIA TRUJILLO,CIENCIAS ECONOMICAS,CONTABILIDAD Y FINANZAS,FEMENINO,318
2024,CIUDAD UNIVERSITARIA TRUJILLO,CIENCIAS ECONOMICAS,CONTABILIDAD Y FINANZAS,MASCULINO,205
2024,CIUDAD UNIVERSITARIA TRUJILLO,CIENCIAS ECONOMICAS,ECONOMÍA,FEMENINO,221
2024,CIUDAD UNIVERSITARIA TRUJILLO,CIENCIAS ECONOMICAS,ECONOMÍA,MASCULINO,255
2024,CIUDAD UNIVERSITARIA TRUJILLO,CIENCIAS FISICAS Y MATEMATICAS,FÍSICA,FEMENINO,16
2024,CIUDAD UNIVERSITARIA TRUJILLO,CIENCIAS FISICAS Y MATEMATICAS,FÍSICA,MASCULINO,100
2024,CIUDAD UNIVERSITARIA TRUJILLO,CIENCIAS FISICAS Y MATEMATICAS,INGENIERÍA ESTADÍSTICA,FEMENINO,64
2024,CIUDAD UNIVERSITARIA TRUJILLO,CIENCIAS FISICAS Y MATEMATICAS,INGENIERÍA ESTADÍSTICA,MASCULINO,135
2024,CIUDAD UNIVERSITARIA TRUJILLO,CIENCIAS FISICAS Y MATEMATICAS,INGENIERÍA INFORMÁTICA,FEMENINO,31
2024,CIUDAD UNIVERSITARIA TRUJILLO,CIENCIAS FISICAS Y MATEMATICAS,INGENIERÍA INFORMÁTICA,MASCULINO,305
2024,CIUDAD UNIVERSITARIA TRUJILLO,CIENCIAS FISICAS Y MATEMATICAS,MATEMÁTICA,FEMENINO,21
2024,CIUDAD UNIVERSITARIA TRUJILLO,CIENCIAS FISICAS Y MATEMATICAS,MATEMÁTICA,MASCULINO,94
2024,CIUDAD UNIVERSITARIA TRUJILLO,CIENCIAS SOCIALES,ANTROPOLOGÍA,FEMENINO,89
2024,CIUDAD UNIVERSITARIA TRUJILLO,CIENCIAS SOCIALES,ANTROPOLOGÍA,MASCULINO,56
2024,CIUDAD UNIVERSITARIA TRUJILLO,CIENCIAS SOCIALES,ARQUEOLOGÍA,FEMENINO,74
2024,CIUDAD UNIVERSITARIA TRUJILLO,CIENCIAS SOCIALES,ARQUEOLOGÍA,MASCULINO,77
2024,CIUDAD UNIVERSITARIA TRUJILLO,CIENCIAS SOCIALES,HISTORIA,FEMENINO,47
2024,CIUDAD UNIVERSITARIA TRUJILLO,CIENCIAS SOCIALES,HISTORIA,MASCULINO,55
2024,CIUDAD UNIVERSITARIA TRUJILLO,CIENCIAS SOCIALES,TRABAJO SOCIAL,FEMENINO,188
2024,CIUDAD UNIVERSITARIA TRUJILLO,CIENCIAS SOCIALES,TRABAJO SOCIAL,MASCULINO,6
2024,CIUDAD UNIVERSITARIA TRUJILLO,CIENCIAS SOCIALES,TURISMO,FEMENINO,182
2024,CIUDAD UNIVERSITARIA TRUJILLO,CIENCIAS SOCIALES,TURISMO,MASCULINO,59
2024,CIUDAD UNIVERSITARIA TRUJILLO,DERECHO,CIENCIA POLÍTICA Y GOBERNABILIDAD,FEMENINO,109
2024,CIUDAD UNIVERSITARIA TRUJILLO,DERECHO,CIENCIA POLÍTICA Y GOBERNABILIDAD,MASCULINO,82
2024,CIUDAD UNIVERSITARIA TRUJILLO,DERECHO,DERECHO Y CIENCIAS POLÍTICAS,FEMENINO,439
2024,CIUDAD UNIVERSITARIA TRUJILLO,DERECHO,DERECHO Y CIENCIAS POLÍTICAS,MASCULINO,330
2024,CIUDAD UNIVERSITARIA TRUJILLO,EDUCACION Y CIENCIAS DE LA COMUNICACION,CIENCIAS DE LA COMUNICACIÓN,FEMENINO,124
2024,CIUDAD UNIVERSITARIA TRUJILLO,EDUCACION Y CIENCIAS DE LA COMUNICACION,CIENCIAS DE LA COMUNICACIÓN,MASCULINO,93
2024,CIUDAD UNIVERSITARIA TRUJILLO,EDUCACION Y CIENCIAS DE LA COMUNICACION,EDUCACIÓN INICIAL,FEMENINO,189
2024,CIUDAD UNIVERSITARIA TRUJILLO,EDUCACION Y CIENCIAS DE LA COMUNICACION,EDUCACIÓN PRIMARIA,FEMENINO,146
2024,CIUDAD UNIVERSITARIA TRUJILLO,EDUCACION Y CIENCIAS DE LA COMUNICACION,EDUCACIÓN PRIMARIA,MASCULINO,20
2024,CIUDAD UNIVERSITARIA TRUJILLO,EDUCACION Y CIENCIAS DE LA COMUNICACION,EDUCACIÓN SECUNDARIA - MENCIÓN EN IDIOMAS - INGLÉS FRANCÉS O INGLÉS ALEMÁN,FEMENINO,188
2024,CIUDAD UNIVERSITARIA TRUJILLO,EDUCACION Y CIENCIAS DE LA COMUNICACION,EDUCACIÓN SECUNDARIA - MENCIÓN EN IDIOMAS - INGLÉS FRANCÉS O INGLÉS ALEMÁN,MASCULINO,52
2024,CIUDAD UNIVERSITARIA TRUJILLO,EDUCACION Y CIENCIAS DE LA COMUNICACION,EDUCACIÓN SECUNDARIA - MENCIÓN LENGUA Y LITERATURA,FEMENINO,136
2024,CIUDAD UNIVERSITARIA TRUJILLO,EDUCACION Y CIENCIAS DE LA COMUNICACION,EDUCACIÓN SECUNDARIA - MENCIÓN LENGUA Y LITERATURA,MASCULINO,73
2024,CIUDAD UNIVERSITARIA TRUJILLO,EDUCACION Y CIENCIAS DE LA COMUNICACION,EDUCACIÓN SECUNDARIA CON MENCIÓN EN FILOSOFÍA - PSICOLOGÍA Y CIENCIAS SOCIALES,FEMENINO,101
2024,CIUDAD UNIVERSITARIA TRUJILLO,EDUCACION Y CIENCIAS DE LA COMUNICACION,EDUCACIÓN SECUNDARIA CON MENCIÓN EN FILOSOFÍA - PSICOLOGÍA Y CIENCIAS SOCIALES,MASCULINO,74
2024,CIUDAD UNIVERSITARIA TRUJILLO,EDUCACION Y CIENCIAS DE LA COMUNICACION,EDUCACIÓN SECUNDARIA CON MENCIÓN EN HISTORIA Y GEOGRAFÍA,FEMENINO,58
2024,CIUDAD UNIVERSITARIA TRUJILLO,EDUCACION Y CIENCIAS DE LA COMUNICACION,EDUCACIÓN SECUNDARIA CON MENCIÓN EN HISTORIA Y GEOGRAFÍA,MASCULINO,100
2024,CIUDAD UNIVERSITARIA TRUJILLO,EDUCACION Y CIENCIAS DE LA COMUNICACION,EDUCACIÓN SECUNDARIA MENCIÓN EN CIENCIAS MATEMÁTICAS,FEMENINO,42
2024,CIUDAD UNIVERSITARIA TRUJILLO,EDUCACION Y CIENCIAS DE LA COMUNICACION,EDUCACIÓN SECUNDARIA MENCIÓN EN CIENCIAS MATEMÁTICAS,MASCULINO,77
2024,CIUDAD UNIVERSITARIA TRUJILLO,ENFERMERIA,ENFERMERÍA,FEMENINO,292
2024,CIUDAD UNIVERSITARIA TRUJILLO,ENFERMERIA,ENFERMERÍA,MASCULINO,31
2024,CIUDAD UNIVERSITARIA TRUJILLO,ESTOMATOLOGIA,ESTOMATOLOGÍA,FEMENINO,97
2024,CIUDAD UNIVERSITARIA TRUJILLO,ESTOMATOLOGIA,ESTOMATOLOGÍA,MASCULINO,40
2024,CIUDAD UNIVERSITARIA TRUJILLO,FARMACIA Y BIOQUIMICA,FARMACIA Y BIOQUÍMICA,FEMENINO,298
2024,CIUDAD UNIVERSITARIA TRUJILLO,FARMACIA Y BIOQUIMICA,FARMACIA Y BIOQUÍMICA,MASCULINO,219
2024,CIUDAD UNIVERSITARIA TRUJILLO,INGENIERIA,ARQUITECTURA Y URBANISMO,FEMENINO,125
2024,CIUDAD UNIVERSITARIA TRUJILLO,INGENIERIA,ARQUITECTURA Y URBANISMO,MASCULINO,127
2024,CIUDAD UNIVERSITARIA TRUJILLO,INGENIERIA,INGENIERÍA CIVIL,FEMENINO,33
2024,CIUDAD UNIVERSITARIA TRUJILLO,INGENIERIA,INGENIERÍA CIVIL,MASCULINO,242
2024,CIUDAD UNIVERSITARIA TRUJILLO,INGENIERIA,INGENIERÍA DE MATERIALES,FEMENINO,61
2024,CIUDAD UNIVERSITARIA TRUJILLO,INGENIERIA,INGENIERÍA DE MATERIALES,MASCULINO,169
2024,CIUDAD UNIVERSITARIA TRUJILLO,INGENIERIA,INGENIERÍA DE MINAS,FEMENINO,22
2024,CIUDAD UNIVERSITARIA TRUJILLO,INGENIERIA,INGENIERÍA DE MINAS,MASCULINO,169
2024,CIUDAD UNIVERSITARIA TRUJILLO,INGENIERIA,INGENIERÍA DE SISTEMAS,FEMENINO,30
2024,CIUDAD UNIVERSITARIA TRUJILLO,INGENIERIA,INGENIERÍA DE SISTEMAS,MASCULINO,236
2024,CIUDAD UNIVERSITARIA TRUJILLO,INGENIERIA,INGENIERÍA INDUSTRIAL,FEMENINO,138
2024,CIUDAD UNIVERSITARIA TRUJILLO,INGENIERIA,INGENIERÍA INDUSTRIAL,MASCULINO,382
2024,CIUDAD UNIVERSITARIA TRUJILLO,INGENIERIA,INGENIERÍA MECATRÓNICA,FEMENINO,12
2024,CIUDAD UNIVERSITARIA TRUJILLO,INGENIERIA,INGENIERÍA MECATRÓNICA,MASCULINO,210
2024,CIUDAD UNIVERSITARIA TRUJILLO,INGENIERIA,INGENIERÍA MECÁNICA,FEMENINO,9
2024,CIUDAD UNIVERSITARIA TRUJILLO,INGENIERIA,INGENIERÍA MECÁNICA,MASCULINO,312
2024,CIUDAD UNIVERSITARIA TRUJILLO,INGENIERIA,INGENIERÍA METALÚRGICA,FEMENINO,35
2024,CIUDAD UNIVERSITARIA TRUJILLO,INGENIERIA,INGENIERÍA METALÚRGICA,MASCULINO,187
2024,CIUDAD UNIVERSITARIA TRUJILLO,INGENIERIA QUIMICA,INGENIERÍA AMBIENTAL,FEMENINO,224
2024,CIUDAD UNIVERSITARIA TRUJILLO,INGENIERIA QUIMICA,INGENIERÍA AMBIENTAL,MASCULINO,224
2024,CIUDAD UNIVERSITARIA TRUJILLO,INGENIERIA QUIMICA,INGENIERÍA QUÍMICA,FEMENINO,175
2024,CIUDAD UNIVERSITARIA TRUJILLO,INGENIERIA QUIMICA,INGENIERÍA QUÍMICA,MASCULINO,334
2024,CIUDAD UNIVERSITARIA TRUJILLO,MEDICINA,MEDICINA,FEMENINO,286
2024,CIUDAD UNIVERSITARIA TRUJILLO,MEDICINA,MEDICINA,MASCULINO,451
2024,SEDE HUAMACHUCO,CIENCIAS AGROPECUARIAS,INGENIERÍA AGROINDUSTRIAL,FEMENINO,52
2024,SEDE HUAMACHUCO,CIENCIAS AGROPECUARIAS,INGENIERÍA AGROINDUSTRIAL,MASCULINO,53
2024,SEDE HUAMACHUCO,CIENCIAS ECONOMICAS,ADMINISTRACIÓN,FEMENINO,100
2024,SEDE HUAMACHUCO,CIENCIAS ECONOMICAS,ADMINISTRACIÓN,MASCULINO,55
2024,SEDE HUAMACHUCO,ENFERMERIA,ENFERMERÍA,FEMENINO,123
2024,SEDE HUAMACHUCO,ENFERMERIA,ENFERMERÍA,MASCULINO,15
2024,SEDE HUAMACHUCO,INGENIERIA,INGENIERÍA DE MINAS,FEMENINO,26
2024,SEDE HUAMACHUCO,INGENIERIA,INGENIERÍA DE MINAS,MASCULINO,122
2024,SEDE SANTIAGO DE CHUCO,CIENCIAS AGROPECUARIAS,AGRONOMÍA,FEMENINO,23
2024,SEDE SANTIAGO DE CHUCO,CIENCIAS AGROPECUARIAS,AGRONOMÍA,MASCULINO,35
2024,SEDE SANTIAGO DE CHUCO,INGENIERIA QUIMICA,INGENIERÍA AMBIENTAL,FEMENINO,74
2024,SEDE SANTIAGO DE CHUCO,INGENIERIA QUIMICA,INGENIERÍA AMBIENTAL,MASCULINO,64
2024,SEDE VALLE JEQUETEPEQUE,CIENCIAS AGROPECUARIAS,AGRONOMÍA,FEMENINO,33
2024,SEDE VALLE JEQUETEPEQUE,CIENCIAS AGROPECUARIAS,AGRONOMÍA,MASCULINO,75
2024,SEDE VALLE JEQUETEPEQUE,CIENCIAS AGROPECUARIAS,INGENIERÍA AGROINDUSTRIAL,FEMENINO,47
2024,SEDE VALLE JEQUETEPEQUE,CIENCIAS AGROPECUARIAS,INGENIERÍA AGROINDUSTRIAL,MASCULINO,57
2024,SEDE VALLE JEQUETEPEQUE,CIENCIAS ECONOMICAS,ADMINISTRACIÓN,FEMENINO,97
2024,SEDE VALLE JEQUETEPEQUE,CIENCIAS ECONOMICAS,ADMINISTRACIÓN,MASCULINO,55
2024,SEDE VALLE JEQUETEPEQUE,CIENCIAS ECONOMICAS,CONTABILIDAD Y FINANZAS,FEMENINO,88
2024,SEDE VALLE JEQUETEPEQUE,CIENCIAS ECONOMICAS,CONTABILIDAD Y FINANZAS,MASCULINO,57
2024,SEDE VALLE JEQUETEPEQUE,CIENCIAS FISICAS Y MATEMATICAS,INGENIERÍA INFORMÁTICA,FEMENINO,33
2024,SEDE VALLE JEQUETEPEQUE,CIENCIAS FISICAS Y MATEMATICAS,INGENIERÍA INFORMÁTICA,MASCULINO,110
2024,SEDE VALLE JEQUETEPEQUE,CIENCIAS SOCIALES,TRABAJO SOCIAL,FEMENINO,145
2024,SEDE VALLE JEQUETEPEQUE,CIENCIAS SOCIALES,TRABAJO SOCIAL,MASCULINO,7
2024,SEDE VALLE JEQUETEPEQUE,ENFERMERIA,ENFERMERÍA,FEMENINO,119
2024,SEDE VALLE JEQUETEPEQUE,ENFERMERIA,ENFERMERÍA,MASCULINO,22
2024,SEDE VALLE JEQUETEPEQUE,INGENIERIA,INGENIERÍA DE SISTEMAS,FEMENINO,26
2024,SEDE VALLE JEQUETEPEQUE,INGENIERIA,INGENIERÍA DE SISTEMAS,MASCULINO,112
2024,SEDE VALLE JEQUETEPEQUE,INGENIERIA,INGENIERÍA INDUSTRIAL,FEMENINO,81
2024,SEDE VALLE JEQUETEPEQUE,INGENIERIA,INGENIERÍA INDUSTRIAL,MASCULINO,86
2024,SEDE VALLE JEQUETEPEQUE,INGENIERIA,INGENIERÍA MECÁNICA,FEMENINO,2
2024,SEDE VALLE JEQUETEPEQUE,INGENIERIA,INGENIERÍA MECÁNICA,MASCULINO,98
2025,CIUDAD UNIVERSITARIA TRUJILLO,CIENCIAS AGROPECUARIAS,AGRONOMÍA,FEMENINO,79
2025,CIUDAD UNIVERSITARIA TRUJILLO,CIENCIAS AGROPECUARIAS,AGRONOMÍA,MASCULINO,175
2025,CIUDAD UNIVERSITARIA TRUJILLO,CIENCIAS AGROPECUARIAS,INGENIERÍA AGROINDUSTRIAL,FEMENINO,104
2025,CIUDAD UNIVERSITARIA TRUJILLO,CIENCIAS AGROPECUARIAS,INGENIERÍA AGROINDUSTRIAL,MASCULINO,140
2025,CIUDAD UNIVERSITARIA TRUJILLO,CIENCIAS AGROPECUARIAS,INGENIERÍA AGRÍCOLA,FEMENINO,71
2025,CIUDAD UNIVERSITARIA TRUJILLO,CIENCIAS AGROPECUARIAS,INGENIERÍA AGRÍCOLA,MASCULINO,196
2025,CIUDAD UNIVERSITARIA TRUJILLO,CIENCIAS AGROPECUARIAS,ZOOTECNIA,FEMENINO,116
2025,CIUDAD UNIVERSITARIA TRUJILLO,CIENCIAS AGROPECUARIAS,ZOOTECNIA,MASCULINO,116
2025,CIUDAD UNIVERSITARIA TRUJILLO,CIENCIAS BIOLOGICAS,CIENCIAS BIOLÓGICAS,FEMENINO,166
2025,CIUDAD UNIVERSITARIA TRUJILLO,CIENCIAS BIOLOGICAS,CIENCIAS BIOLÓGICAS,MASCULINO,124
2025,CIUDAD UNIVERSITARIA TRUJILLO,CIENCIAS BIOLOGICAS,MICROBIOLOGÍA Y PARASITOLOGÍA,FEMENINO,173
2025,CIUDAD UNIVERSITARIA TRUJILLO,CIENCIAS BIOLOGICAS,MICROBIOLOGÍA Y PARASITOLOGÍA,MASCULINO,137
2025,CIUDAD UNIVERSITARIA TRUJILLO,CIENCIAS BIOLOGICAS,PESQUERÍA,FEMENINO,81
2025,CIUDAD UNIVERSITARIA TRUJILLO,CIENCIAS BIOLOGICAS,PESQUERÍA,MASCULINO,73
2025,CIUDAD UNIVERSITARIA TRUJILLO,CIENCIAS ECONOMICAS,ADMINISTRACIÓN,FEMENINO,278
2025,CIUDAD UNIVERSITARIA TRUJILLO,CIENCIAS ECONOMICAS,ADMINISTRACIÓN,MASCULINO,195
2025,CIUDAD UNIVERSITARIA TRUJILLO,CIENCIAS ECONOMICAS,CONTABILIDAD Y FINANZAS,FEMENINO,299
2025,CIUDAD UNIVERSITARIA TRUJILLO,CIENCIAS ECONOMICAS,CONTABILIDAD Y FINANZAS,MASCULINO,215
2025,CIUDAD UNIVERSITARIA TRUJILLO,CIENCIAS ECONOMICAS,ECONOMÍA,FEMENINO,222
2025,CIUDAD UNIVERSITARIA TRUJILLO,CIENCIAS ECONOMICAS,ECONOMÍA,MASCULINO,254
2025,CIUDAD UNIVERSITARIA TRUJILLO,CIENCIAS FISICAS Y MATEMATICAS,FÍSICA,FEMENINO,14
2025,CIUDAD UNIVERSITARIA TRUJILLO,CIENCIAS FISICAS Y MATEMATICAS,FÍSICA,MASCULINO,111
2025,CIUDAD UNIVERSITARIA TRUJILLO,CIENCIAS FISICAS Y MATEMATICAS,INGENIERÍA ESTADÍSTICA,FEMENINO,66
2025,CIUDAD UNIVERSITARIA TRUJILLO,CIENCIAS FISICAS Y MATEMATICAS,INGENIERÍA ESTADÍSTICA,MASCULINO,154
2025,CIUDAD UNIVERSITARIA TRUJILLO,CIENCIAS FISICAS Y MATEMATICAS,INGENIERÍA INFORMÁTICA,FEMENINO,26
2025,CIUDAD UNIVERSITARIA TRUJILLO,CIENCIAS FISICAS Y MATEMATICAS,INGENIERÍA INFORMÁTICA,MASCULINO,319
2025,CIUDAD UNIVERSITARIA TRUJILLO,CIENCIAS FISICAS Y MATEMATICAS,MATEMÁTICA,FEMENINO,21
2025,CIUDAD UNIVERSITARIA TRUJILLO,CIENCIAS FISICAS Y MATEMATICAS,MATEMÁTICA,MASCULINO,106
2025,CIUDAD UNIVERSITARIA TRUJILLO,CIENCIAS SOCIALES,ANTROPOLOGÍA,FEMENINO,97
2025,CIUDAD UNIVERSITARIA TRUJILLO,CIENCIAS SOCIALES,ANTROPOLOGÍA,MASCULINO,61
2025,CIUDAD UNIVERSITARIA TRUJILLO,CIENCIAS SOCIALES,ARQUEOLOGÍA,FEMENINO,75
2025,CIUDAD UNIVERSITARIA TRUJILLO,CIENCIAS SOCIALES,ARQUEOLOGÍA,MASCULINO,85
2025,CIUDAD UNIVERSITARIA TRUJILLO,CIENCIAS SOCIALES,HISTORIA,FEMENINO,52
2025,CIUDAD UNIVERSITARIA TRUJILLO,CIENCIAS SOCIALES,HISTORIA,MASCULINO,65
2025,CIUDAD UNIVERSITARIA TRUJILLO,CIENCIAS SOCIALES,TRABAJO SOCIAL,FEMENINO,173
2025,CIUDAD UNIVERSITARIA TRUJILLO,CIENCIAS SOCIALES,TRABAJO SOCIAL,MASCULINO,3
2025,CIUDAD UNIVERSITARIA TRUJILLO,CIENCIAS SOCIALES,TURISMO,FEMENINO,190
2025,CIUDAD UNIVERSITARIA TRUJILLO,CIENCIAS SOCIALES,TURISMO,MASCULINO,56
2025,CIUDAD UNIVERSITARIA TRUJILLO,DERECHO,CIENCIA POLÍTICA Y GOBERNABILIDAD,FEMENINO,121
2025,CIUDAD UNIVERSITARIA TRUJILLO,DERECHO,CIENCIA POLÍTICA Y GOBERNABILIDAD,MASCULINO,70
2025,CIUDAD UNIVERSITARIA TRUJILLO,DERECHO,DERECHO Y CIENCIAS POLÍTICAS,FEMENINO,408
2025,CIUDAD UNIVERSITARIA TRUJILLO,DERECHO,DERECHO Y CIENCIAS POLÍTICAS,MASCULINO,314
2025,CIUDAD UNIVERSITARIA TRUJILLO,EDUCACION Y CIENCIAS DE LA COMUNICACION,CIENCIAS DE LA COMUNICACIÓN,FEMENINO,124
2025,CIUDAD UNIVERSITARIA TRUJILLO,EDUCACION Y CIENCIAS DE LA COMUNICACION,CIENCIAS DE LA COMUNICACIÓN,MASCULINO,85
2025,CIUDAD UNIVERSITARIA TRUJILLO,EDUCACION Y CIENCIAS DE LA COMUNICACION,EDUCACIÓN INICIAL,FEMENINO,204
2025,CIUDAD UNIVERSITARIA TRUJILLO,EDUCACION Y CIENCIAS DE LA COMUNICACION,EDUCACIÓN INICIAL,MASCULINO,2
2025,CIUDAD UNIVERSITARIA TRUJILLO,EDUCACION Y CIENCIAS DE LA COMUNICACION,EDUCACIÓN PRIMARIA,FEMENINO,163
2025,CIUDAD UNIVERSITARIA TRUJILLO,EDUCACION Y CIENCIAS DE LA COMUNICACION,EDUCACIÓN PRIMARIA,MASCULINO,24
2025,CIUDAD UNIVERSITARIA TRUJILLO,EDUCACION Y CIENCIAS DE LA COMUNICACION,EDUCACIÓN SECUNDARIA - MENCIÓN EN IDIOMAS - INGLÉS FRANCÉS O INGLÉS ALEMÁN,FEMENINO,214
2025,CIUDAD UNIVERSITARIA TRUJILLO,EDUCACION Y CIENCIAS DE LA COMUNICACION,EDUCACIÓN SECUNDARIA - MENCIÓN EN IDIOMAS - INGLÉS FRANCÉS O INGLÉS ALEMÁN,MASCULINO,63
2025,CIUDAD UNIVERSITARIA TRUJILLO,EDUCACION Y CIENCIAS DE LA COMUNICACION,EDUCACIÓN SECUNDARIA - MENCIÓN LENGUA Y LITERATURA,FEMENINO,146
2025,CIUDAD UNIVERSITARIA TRUJILLO,EDUCACION Y CIENCIAS DE LA COMUNICACION,EDUCACIÓN SECUNDARIA - MENCIÓN LENGUA Y LITERATURA,MASCULINO,85
2025,CIUDAD UNIVERSITARIA TRUJILLO,EDUCACION Y CIENCIAS DE LA COMUNICACION,EDUCACIÓN SECUNDARIA CON MENCIÓN EN CIENCIAS NATURALES-FÍSICA-QUÍMICA Y BIOLOGÍA,FEMENINO,13
2025,CIUDAD UNIVERSITARIA TRUJILLO,EDUCACION Y CIENCIAS DE LA COMUNICACION,EDUCACIÓN SECUNDARIA CON MENCIÓN EN CIENCIAS NATURALES-FÍSICA-QUÍMICA Y BIOLOGÍA,MASCULINO,12
2025,CIUDAD UNIVERSITARIA TRUJILLO,EDUCACION Y CIENCIAS DE LA COMUNICACION,EDUCACIÓN SECUNDARIA CON MENCIÓN EN FILOSOFÍA - PSICOLOGÍA Y CIENCIAS SOCIALES,FEMENINO,105
2025,CIUDAD UNIVERSITARIA TRUJILLO,EDUCACION Y CIENCIAS DE LA COMUNICACION,EDUCACIÓN SECUNDARIA CON MENCIÓN EN FILOSOFÍA - PSICOLOGÍA Y CIENCIAS SOCIALES,MASCULINO,83
2025,CIUDAD UNIVERSITARIA TRUJILLO,EDUCACION Y CIENCIAS DE LA COMUNICACION,EDUCACIÓN SECUNDARIA CON MENCIÓN EN HISTORIA Y GEOGRAFÍA,FEMENINO,74
2025,CIUDAD UNIVERSITARIA TRUJILLO,EDUCACION Y CIENCIAS DE LA COMUNICACION,EDUCACIÓN SECUNDARIA CON MENCIÓN EN HISTORIA Y GEOGRAFÍA,MASCULINO,123
2025,CIUDAD UNIVERSITARIA TRUJILLO,EDUCACION Y CIENCIAS DE LA COMUNICACION,EDUCACIÓN SECUNDARIA MENCIÓN EN CIENCIAS MATEMÁTICAS,FEMENINO,48
2025,CIUDAD UNIVERSITARIA TRUJILLO,EDUCACION Y CIENCIAS DE LA COMUNICACION,EDUCACIÓN SECUNDARIA MENCIÓN EN CIENCIAS MATEMÁTICAS,MASCULINO,108
2025,CIUDAD UNIVERSITARIA TRUJILLO,ENFERMERIA,ENFERMERÍA,FEMENINO,287
2025,CIUDAD UNIVERSITARIA TRUJILLO,ENFERMERIA,ENFERMERÍA,MASCULINO,39
2025,CIUDAD UNIVERSITARIA TRUJILLO,ESTOMATOLOGIA,ESTOMATOLOGÍA,FEMENINO,91
2025,CIUDAD UNIVERSITARIA TRUJILLO,ESTOMATOLOGIA,ESTOMATOLOGÍA,MASCULINO,42
2025,CIUDAD UNIVERSITARIA TRUJILLO,FARMACIA Y BIOQUIMICA,FARMACIA Y BIOQUÍMICA,FEMENINO,304
2025,CIUDAD UNIVERSITARIA TRUJILLO,FARMACIA Y BIOQUIMICA,FARMACIA Y BIOQUÍMICA,MASCULINO,213
2025,CIUDAD UNIVERSITARIA TRUJILLO,INGENIERIA,ARQUITECTURA Y URBANISMO,FEMENINO,137
2025,CIUDAD UNIVERSITARIA TRUJILLO,INGENIERIA,ARQUITECTURA Y URBANISMO,MASCULINO,130
2025,CIUDAD UNIVERSITARIA TRUJILLO,INGENIERIA,INGENIERÍA CIVIL,FEMENINO,33
2025,CIUDAD UNIVERSITARIA TRUJILLO,INGENIERIA,INGENIERÍA CIVIL,MASCULINO,255
2025,CIUDAD UNIVERSITARIA TRUJILLO,INGENIERIA,INGENIERÍA DE MATERIALES,FEMENINO,65
2025,CIUDAD UNIVERSITARIA TRUJILLO,INGENIERIA,INGENIERÍA DE MATERIALES,MASCULINO,180
2025,CIUDAD UNIVERSITARIA TRUJILLO,INGENIERIA,INGENIERÍA DE MINAS,FEMENINO,26
2025,CIUDAD UNIVERSITARIA TRUJILLO,INGENIERIA,INGENIERÍA DE MINAS,MASCULINO,169
2025,CIUDAD UNIVERSITARIA TRUJILLO,INGENIERIA,INGENIERÍA DE SISTEMAS,FEMENINO,28
2025,CIUDAD UNIVERSITARIA TRUJILLO,INGENIERIA,INGENIERÍA DE SISTEMAS,MASCULINO,233
2025,CIUDAD UNIVERSITARIA TRUJILLO,INGENIERIA,INGENIERÍA INDUSTRIAL,FEMENINO,139
2025,CIUDAD UNIVERSITARIA TRUJILLO,INGENIERIA,INGENIERÍA INDUSTRIAL,MASCULINO,398
2025,CIUDAD UNIVERSITARIA TRUJILLO,INGENIERIA,INGENIERÍA MECATRÓNICA,FEMENINO,18
2025,CIUDAD UNIVERSITARIA TRUJILLO,INGENIERIA,INGENIERÍA MECATRÓNICA,MASCULINO,212
2025,CIUDAD UNIVERSITARIA TRUJILLO,INGENIERIA,INGENIERÍA MECÁNICA,FEMENINO,15
2025,CIUDAD UNIVERSITARIA TRUJILLO,INGENIERIA,INGENIERÍA MECÁNICA,MASCULINO,304
2025,CIUDAD UNIVERSITARIA TRUJILLO,INGENIERIA,INGENIERÍA METALÚRGICA,FEMENINO,31
2025,CIUDAD UNIVERSITARIA TRUJILLO,INGENIERIA,INGENIERÍA METALÚRGICA,MASCULINO,189
2025,CIUDAD UNIVERSITARIA TRUJILLO,INGENIERIA QUIMICA,INGENIERÍA AMBIENTAL,FEMENINO,227
2025,CIUDAD UNIVERSITARIA TRUJILLO,INGENIERIA QUIMICA,INGENIERÍA AMBIENTAL,MASCULINO,218
2025,CIUDAD UNIVERSITARIA TRUJILLO,INGENIERIA QUIMICA,INGENIERÍA QUÍMICA,FEMENINO,161
2025,CIUDAD UNIVERSITARIA TRUJILLO,INGENIERIA QUIMICA,INGENIERÍA QUÍMICA,MASCULINO,352
2025,CIUDAD UNIVERSITARIA TRUJILLO,MEDICINA,MEDICINA,FEMENINO,287
2025,CIUDAD UNIVERSITARIA TRUJILLO,MEDICINA,MEDICINA,MASCULINO,448
2025,SEDE HUAMACHUCO,CIENCIAS AGROPECUARIAS,INGENIERÍA AGROINDUSTRIAL,FEMENINO,50
2025,SEDE HUAMACHUCO,CIENCIAS AGROPECUARIAS,INGENIERÍA AGROINDUSTRIAL,MASCULINO,59
2025,SEDE HUAMACHUCO,CIENCIAS ECONOMICAS,ADMINISTRACIÓN,FEMENINO,103
2025,SEDE HUAMACHUCO,CIENCIAS ECONOMICAS,ADMINISTRACIÓN,MASCULINO,44
2025,SEDE HUAMACHUCO,ENFERMERIA,ENFERMERÍA,FEMENINO,121
2025,SEDE HUAMACHUCO,ENFERMERIA,ENFERMERÍA,MASCULINO,19
2025,SEDE HUAMACHUCO,INGENIERIA,INGENIERÍA DE MINAS,FEMENINO,30
2025,SEDE HUAMACHUCO,INGENIERIA,INGENIERÍA DE MINAS,MASCULINO,115
2025,SEDE SANTIAGO DE CHUCO,CIENCIAS AGROPECUARIAS,AGRONOMÍA,FEMENINO,27
2025,SEDE SANTIAGO DE CHUCO,CIENCIAS AGROPECUARIAS,AGRONOMÍA,MASCULINO,35
2025,SEDE SANTIAGO DE CHUCO,INGENIERIA QUIMICA,INGENIERÍA AMBIENTAL,FEMENINO,71
2025,SEDE SANTIAGO DE CHUCO,INGENIERIA QUIMICA,INGENIERÍA AMBIENTAL,MASCULINO,61
2025,SEDE VALLE JEQUETEPEQUE,CIENCIAS AGROPECUARIAS,AGRONOMÍA,FEMENINO,29
2025,SEDE VALLE JEQUETEPEQUE,CIENCIAS AGROPECUARIAS,AGRONOMÍA,MASCULINO,72
2025,SEDE VALLE JEQUETEPEQUE,CIENCIAS AGROPECUARIAS,INGENIERÍA AGROINDUSTRIAL,FEMENINO,51
2025,SEDE VALLE JEQUETEPEQUE,CIENCIAS AGROPECUARIAS,INGENIERÍA AGROINDUSTRIAL,MASCULINO,59
2025,SEDE VALLE JEQUETEPEQUE,CIENCIAS ECONOMICAS,ADMINISTRACIÓN,FEMENINO,88
2025,SEDE VALLE JEQUETEPEQUE,CIENCIAS ECONOMICAS,ADMINISTRACIÓN,MASCULINO,51
2025,SEDE VALLE JEQUETEPEQUE,CIENCIAS ECONOMICAS,CONTABILIDAD Y FINANZAS,FEMENINO,93
2025,SEDE VALLE JEQUETEPEQUE,CIENCIAS ECONOMICAS,CONTABILIDAD Y FINANZAS,MASCULINO,54
2025,SEDE VALLE JEQUETEPEQUE,CIENCIAS FISICAS Y MATEMATICAS,INGENIERÍA INFORMÁTICA,FEMENINO,38
2025,SEDE VALLE JEQUETEPEQUE,CIENCIAS FISICAS Y MATEMATICAS,INGENIERÍA INFORMÁTICA,MASCULINO,126
2025,SEDE VALLE JEQUETEPEQUE,CIENCIAS SOCIALES,TRABAJO SOCIAL,FEMENINO,141
2025,SEDE VALLE JEQUETEPEQUE,CIENCIAS SOCIALES,TRABAJO SOCIAL,MASCULINO,12
2025,SEDE VALLE JEQUETEPEQUE,ENFERMERIA,ENFERMERÍA,FEMENINO,115
2025,SEDE VALLE JEQUETEPEQUE,ENFERMERIA,ENFERMERÍA,MASCULINO,24
2025,SEDE VALLE JEQUETEPEQUE,INGENIERIA,INGENIERÍA DE SISTEMAS,FEMENINO,27
2025,SEDE VALLE JEQUETEPEQUE,INGENIERIA,INGENIERÍA DE SISTEMAS,MASCULINO,114
2025,SEDE VALLE JEQUETEPEQUE,INGENIERIA,INGENIERÍA INDUSTRIAL,FEMENINO,68
2025,SEDE VALLE JEQUETEPEQUE,INGENIERIA,INGENIERÍA INDUSTRIAL,MASCULINO,88
2025,SEDE VALLE JEQUETEPEQUE,INGENIERIA,INGENIERÍA MECÁNICA,FEMENINO,6
2025,SEDE VALLE JEQUETEPEQUE,INGENIERIA,INGENIERÍA MECÁNICA,MASCULINO,98
2026,CIUDAD UNIVERSITARIA TRUJILLO,CIENCIAS AGROPECUARIAS,AGRONOMÍA,FEMENINO,82
2026,CIUDAD UNIVERSITARIA TRUJILLO,CIENCIAS AGROPECUARIAS,AGRONOMÍA,MASCULINO,185
2026,CIUDAD UNIVERSITARIA TRUJILLO,CIENCIAS AGROPECUARIAS,INGENIERÍA AGROINDUSTRIAL,FEMENINO,106
2026,CIUDAD UNIVERSITARIA TRUJILLO,CIENCIAS AGROPECUARIAS,INGENIERÍA AGROINDUSTRIAL,MASCULINO,147
2026,CIUDAD UNIVERSITARIA TRUJILLO,CIENCIAS AGROPECUARIAS,INGENIERÍA AGRÍCOLA,FEMENINO,77
2026,CIUDAD UNIVERSITARIA TRUJILLO,CIENCIAS AGROPECUARIAS,INGENIERÍA AGRÍCOLA,MASCULINO,189
2026,CIUDAD UNIVERSITARIA TRUJILLO,CIENCIAS AGROPECUARIAS,ZOOTECNIA,FEMENINO,110
2026,CIUDAD UNIVERSITARIA TRUJILLO,CIENCIAS AGROPECUARIAS,ZOOTECNIA,MASCULINO,111
2026,CIUDAD UNIVERSITARIA TRUJILLO,CIENCIAS BIOLOGICAS,CIENCIAS BIOLÓGICAS,FEMENINO,165
2026,CIUDAD UNIVERSITARIA TRUJILLO,CIENCIAS BIOLOGICAS,CIENCIAS BIOLÓGICAS,MASCULINO,111
2026,CIUDAD UNIVERSITARIA TRUJILLO,CIENCIAS BIOLOGICAS,MICROBIOLOGÍA Y PARASITOLOGÍA,FEMENINO,186
2026,CIUDAD UNIVERSITARIA TRUJILLO,CIENCIAS BIOLOGICAS,MICROBIOLOGÍA Y PARASITOLOGÍA,MASCULINO,134
2026,CIUDAD UNIVERSITARIA TRUJILLO,CIENCIAS BIOLOGICAS,PESQUERÍA,FEMENINO,87
2026,CIUDAD UNIVERSITARIA TRUJILLO,CIENCIAS BIOLOGICAS,PESQUERÍA,MASCULINO,81
2026,CIUDAD UNIVERSITARIA TRUJILLO,CIENCIAS ECONOMICAS,ADMINISTRACIÓN,FEMENINO,248
2026,CIUDAD UNIVERSITARIA TRUJILLO,CIENCIAS ECONOMICAS,ADMINISTRACIÓN,MASCULINO,203
2026,CIUDAD UNIVERSITARIA TRUJILLO,CIENCIAS ECONOMICAS,CONTABILIDAD Y FINANZAS,FEMENINO,271
2026,CIUDAD UNIVERSITARIA TRUJILLO,CIENCIAS ECONOMICAS,CONTABILIDAD Y FINANZAS,MASCULINO,239
2026,CIUDAD UNIVERSITARIA TRUJILLO,CIENCIAS ECONOMICAS,ECONOMÍA,FEMENINO,214
2026,CIUDAD UNIVERSITARIA TRUJILLO,CIENCIAS ECONOMICAS,ECONOMÍA,MASCULINO,275
2026,CIUDAD UNIVERSITARIA TRUJILLO,CIENCIAS FISICAS Y MATEMATICAS,FÍSICA,FEMENINO,15
2026,CIUDAD UNIVERSITARIA TRUJILLO,CIENCIAS FISICAS Y MATEMATICAS,FÍSICA,MASCULINO,111
2026,CIUDAD UNIVERSITARIA TRUJILLO,CIENCIAS FISICAS Y MATEMATICAS,INGENIERÍA ESTADÍSTICA,FEMENINO,69
2026,CIUDAD UNIVERSITARIA TRUJILLO,CIENCIAS FISICAS Y MATEMATICAS,INGENIERÍA ESTADÍSTICA,MASCULINO,170
2026,CIUDAD UNIVERSITARIA TRUJILLO,CIENCIAS FISICAS Y MATEMATICAS,INGENIERÍA INFORMÁTICA,FEMENINO,26
2026,CIUDAD UNIVERSITARIA TRUJILLO,CIENCIAS FISICAS Y MATEMATICAS,INGENIERÍA INFORMÁTICA,MASCULINO,345
2026,CIUDAD UNIVERSITARIA TRUJILLO,CIENCIAS FISICAS Y MATEMATICAS,MATEMÁTICA,FEMENINO,22
2026,CIUDAD UNIVERSITARIA TRUJILLO,CIENCIAS FISICAS Y MATEMATICAS,MATEMÁTICA,MASCULINO,113
2026,CIUDAD UNIVERSITARIA TRUJILLO,CIENCIAS SOCIALES,ANTROPOLOGÍA,FEMENINO,118
2026,CIUDAD UNIVERSITARIA TRUJILLO,CIENCIAS SOCIALES,ANTROPOLOGÍA,MASCULINO,64
2026,CIUDAD UNIVERSITARIA TRUJILLO,CIENCIAS SOCIALES,ARQUEOLOGÍA,FEMENINO,93
2026,CIUDAD UNIVERSITARIA TRUJILLO,CIENCIAS SOCIALES,ARQUEOLOGÍA,MASCULINO,80
2026,CIUDAD UNIVERSITARIA TRUJILLO,CIENCIAS SOCIALES,HISTORIA,FEMENINO,70
2026,CIUDAD UNIVERSITARIA TRUJILLO,CIENCIAS SOCIALES,HISTORIA,MASCULINO,71
2026,CIUDAD UNIVERSITARIA TRUJILLO,CIENCIAS SOCIALES,TRABAJO SOCIAL,FEMENINO,185
2026,CIUDAD UNIVERSITARIA TRUJILLO,CIENCIAS SOCIALES,TRABAJO SOCIAL,MASCULINO,7
2026,CIUDAD UNIVERSITARIA TRUJILLO,CIENCIAS SOCIALES,TURISMO,FEMENINO,207
2026,CIUDAD UNIVERSITARIA TRUJILLO,CIENCIAS SOCIALES,TURISMO,MASCULINO,56
2026,CIUDAD UNIVERSITARIA TRUJILLO,DERECHO,CIENCIA POLÍTICA Y GOBERNABILIDAD,FEMENINO,136
2026,CIUDAD UNIVERSITARIA TRUJILLO,DERECHO,CIENCIA POLÍTICA Y GOBERNABILIDAD,MASCULINO,69
2026,CIUDAD UNIVERSITARIA TRUJILLO,DERECHO,DERECHO Y CIENCIAS POLÍTICAS,FEMENINO,412
2026,CIUDAD UNIVERSITARIA TRUJILLO,DERECHO,DERECHO Y CIENCIAS POLÍTICAS,MASCULINO,316
2026,CIUDAD UNIVERSITARIA TRUJILLO,EDUCACION Y CIENCIAS DE LA COMUNICACION,CIENCIAS DE LA COMUNICACIÓN,FEMENINO,121
2026,CIUDAD UNIVERSITARIA TRUJILLO,EDUCACION Y CIENCIAS DE LA COMUNICACION,CIENCIAS DE LA COMUNICACIÓN,MASCULINO,90
2026,CIUDAD UNIVERSITARIA TRUJILLO,EDUCACION Y CIENCIAS DE LA COMUNICACION,EDUCACIÓN INICIAL,FEMENINO,224
2026,CIUDAD UNIVERSITARIA TRUJILLO,EDUCACION Y CIENCIAS DE LA COMUNICACION,EDUCACIÓN INICIAL,MASCULINO,1
2026,CIUDAD UNIVERSITARIA TRUJILLO,EDUCACION Y CIENCIAS DE LA COMUNICACION,EDUCACIÓN PRIMARIA,FEMENINO,173
2026,CIUDAD UNIVERSITARIA TRUJILLO,EDUCACION Y CIENCIAS DE LA COMUNICACION,EDUCACIÓN PRIMARIA,MASCULINO,27
2026,CIUDAD UNIVERSITARIA TRUJILLO,EDUCACION Y CIENCIAS DE LA COMUNICACION,EDUCACIÓN SECUNDARIA - MENCIÓN EN IDIOMAS - INGLÉS FRANCÉS O INGLÉS ALEMÁN,FEMENINO,224
2026,CIUDAD UNIVERSITARIA TRUJILLO,EDUCACION Y CIENCIAS DE LA COMUNICACION,EDUCACIÓN SECUNDARIA - MENCIÓN EN IDIOMAS - INGLÉS FRANCÉS O INGLÉS ALEMÁN,MASCULINO,61
2026,CIUDAD UNIVERSITARIA TRUJILLO,EDUCACION Y CIENCIAS DE LA COMUNICACION,EDUCACIÓN SECUNDARIA - MENCIÓN LENGUA Y LITERATURA,FEMENINO,146
2026,CIUDAD UNIVERSITARIA TRUJILLO,EDUCACION Y CIENCIAS DE LA COMUNICACION,EDUCACIÓN SECUNDARIA - MENCIÓN LENGUA Y LITERATURA,MASCULINO,88
2026,CIUDAD UNIVERSITARIA TRUJILLO,EDUCACION Y CIENCIAS DE LA COMUNICACION,EDUCACIÓN SECUNDARIA CON MENCIÓN EN CIENCIAS NATURALES-FÍSICA-QUÍMICA Y BIOLOGÍA,FEMENINO,34
2026,CIUDAD UNIVERSITARIA TRUJILLO,EDUCACION Y CIENCIAS DE LA COMUNICACION,EDUCACIÓN SECUNDARIA CON MENCIÓN EN CIENCIAS NATURALES-FÍSICA-QUÍMICA Y BIOLOGÍA,MASCULINO,27
2026,CIUDAD UNIVERSITARIA TRUJILLO,EDUCACION Y CIENCIAS DE LA COMUNICACION,EDUCACIÓN SECUNDARIA CON MENCIÓN EN FILOSOFÍA - PSICOLOGÍA Y CIENCIAS SOCIALES,FEMENINO,114
2026,CIUDAD UNIVERSITARIA TRUJILLO,EDUCACION Y CIENCIAS DE LA COMUNICACION,EDUCACIÓN SECUNDARIA CON MENCIÓN EN FILOSOFÍA - PSICOLOGÍA Y CIENCIAS SOCIALES,MASCULINO,85
2026,CIUDAD UNIVERSITARIA TRUJILLO,EDUCACION Y CIENCIAS DE LA COMUNICACION,EDUCACIÓN SECUNDARIA CON MENCIÓN EN HISTORIA Y GEOGRAFÍA,FEMENINO,83
2026,CIUDAD UNIVERSITARIA TRUJILLO,EDUCACION Y CIENCIAS DE LA COMUNICACION,EDUCACIÓN SECUNDARIA CON MENCIÓN EN HISTORIA Y GEOGRAFÍA,MASCULINO,128
2026,CIUDAD UNIVERSITARIA TRUJILLO,EDUCACION Y CIENCIAS DE LA COMUNICACION,EDUCACIÓN SECUNDARIA MENCIÓN EN CIENCIAS MATEMÁTICAS,FEMENINO,55
2026,CIUDAD UNIVERSITARIA TRUJILLO,EDUCACION Y CIENCIAS DE LA COMUNICACION,EDUCACIÓN SECUNDARIA MENCIÓN EN CIENCIAS MATEMÁTICAS,MASCULINO,115
2026,CIUDAD UNIVERSITARIA TRUJILLO,ENFERMERIA,ENFERMERÍA,FEMENINO,278
2026,CIUDAD UNIVERSITARIA TRUJILLO,ENFERMERIA,ENFERMERÍA,MASCULINO,38
2026,CIUDAD UNIVERSITARIA TRUJILLO,ESTOMATOLOGIA,ESTOMATOLOGÍA,FEMENINO,96
2026,CIUDAD UNIVERSITARIA TRUJILLO,ESTOMATOLOGIA,ESTOMATOLOGÍA,MASCULINO,45
2026,CIUDAD UNIVERSITARIA TRUJILLO,FARMACIA Y BIOQUIMICA,FARMACIA Y BIOQUÍMICA,FEMENINO,302
2026,CIUDAD UNIVERSITARIA TRUJILLO,FARMACIA Y BIOQUIMICA,FARMACIA Y BIOQUÍMICA,MASCULINO,209
2026,CIUDAD UNIVERSITARIA TRUJILLO,INGENIERIA,ARQUITECTURA Y URBANISMO,FEMENINO,116
2026,CIUDAD UNIVERSITARIA TRUJILLO,INGENIERIA,ARQUITECTURA Y URBANISMO,MASCULINO,131
2026,CIUDAD UNIVERSITARIA TRUJILLO,INGENIERIA,INGENIERÍA CIVIL,FEMENINO,32
2026,CIUDAD UNIVERSITARIA TRUJILLO,INGENIERIA,INGENIERÍA CIVIL,MASCULINO,251
2026,CIUDAD UNIVERSITARIA TRUJILLO,INGENIERIA,INGENIERÍA DE MATERIALES,FEMENINO,62
2026,CIUDAD UNIVERSITARIA TRUJILLO,INGENIERIA,INGENIERÍA DE MATERIALES,MASCULINO,177
2026,CIUDAD UNIVERSITARIA TRUJILLO,INGENIERIA,INGENIERÍA DE MINAS,FEMENINO,19
2026,CIUDAD UNIVERSITARIA TRUJILLO,INGENIERIA,INGENIERÍA DE MINAS,MASCULINO,187
2026,CIUDAD UNIVERSITARIA TRUJILLO,INGENIERIA,INGENIERÍA DE SISTEMAS,FEMENINO,28
2026,CIUDAD UNIVERSITARIA TRUJILLO,INGENIERIA,INGENIERÍA DE SISTEMAS,MASCULINO,233
2026,CIUDAD UNIVERSITARIA TRUJILLO,INGENIERIA,INGENIERÍA INDUSTRIAL,FEMENINO,142
2026,CIUDAD UNIVERSITARIA TRUJILLO,INGENIERIA,INGENIERÍA INDUSTRIAL,MASCULINO,400
2026,CIUDAD UNIVERSITARIA TRUJILLO,INGENIERIA,INGENIERÍA MECATRÓNICA,FEMENINO,19
2026,CIUDAD UNIVERSITARIA TRUJILLO,INGENIERIA,INGENIERÍA MECATRÓNICA,MASCULINO,215
2026,CIUDAD UNIVERSITARIA TRUJILLO,INGENIERIA,INGENIERÍA MECÁNICA,FEMENINO,16
2026,CIUDAD UNIVERSITARIA TRUJILLO,INGENIERIA,INGENIERÍA MECÁNICA,MASCULINO,301
2026,CIUDAD UNIVERSITARIA TRUJILLO,INGENIERIA,INGENIERÍA METALÚRGICA,FEMENINO,33
2026,CIUDAD UNIVERSITARIA TRUJILLO,INGENIERIA,INGENIERÍA METALÚRGICA,MASCULINO,199
2026,CIUDAD UNIVERSITARIA TRUJILLO,INGENIERIA QUIMICA,INGENIERÍA AMBIENTAL,FEMENINO,234
2026,CIUDAD UNIVERSITARIA TRUJILLO,INGENIERIA QUIMICA,INGENIERÍA AMBIENTAL,MASCULINO,231
2026,CIUDAD UNIVERSITARIA TRUJILLO,INGENIERIA QUIMICA,INGENIERÍA QUÍMICA,FEMENINO,151
2026,CIUDAD UNIVERSITARIA TRUJILLO,INGENIERIA QUIMICA,INGENIERÍA QUÍMICA,MASCULINO,354
2026,CIUDAD UNIVERSITARIA TRUJILLO,MEDICINA,MEDICINA,FEMENINO,277
2026,CIUDAD UNIVERSITARIA TRUJILLO,MEDICINA,MEDICINA,MASCULINO,462
2026,SEDE HUAMACHUCO,CIENCIAS AGROPECUARIAS,INGENIERÍA AGROINDUSTRIAL,FEMENINO,52
2026,SEDE HUAMACHUCO,CIENCIAS AGROPECUARIAS,INGENIERÍA AGROINDUSTRIAL,MASCULINO,62
2026,SEDE HUAMACHUCO,CIENCIAS ECONOMICAS,ADMINISTRACIÓN,FEMENINO,95
2026,SEDE HUAMACHUCO,CIENCIAS ECONOMICAS,ADMINISTRACIÓN,MASCULINO,44
2026,SEDE HUAMACHUCO,ENFERMERIA,ENFERMERÍA,FEMENINO,118
2026,SEDE HUAMACHUCO,ENFERMERIA,ENFERMERÍA,MASCULINO,22
2026,SEDE HUAMACHUCO,INGENIERIA,INGENIERÍA DE MINAS,FEMENINO,41
2026,SEDE HUAMACHUCO,INGENIERIA,INGENIERÍA DE MINAS,MASCULINO,136
2026,SEDE JULCÁN,EDUCACION Y CIENCIAS DE LA COMUNICACION,EDUCACIÓN PRIMARIA,FEMENINO,12
2026,SEDE JULCÁN,EDUCACION Y CIENCIAS DE LA COMUNICACION,EDUCACIÓN PRIMARIA,MASCULINO,6
2026,SEDE SANTIAGO DE CHUCO,CIENCIAS AGROPECUARIAS,AGRONOMÍA,FEMENINO,22
2026,SEDE SANTIAGO DE CHUCO,CIENCIAS AGROPECUARIAS,AGRONOMÍA,MASCULINO,28
2026,SEDE SANTIAGO DE CHUCO,INGENIERIA QUIMICA,INGENIERÍA AMBIENTAL,FEMENINO,80
2026,SEDE SANTIAGO DE CHUCO,INGENIERIA QUIMICA,INGENIERÍA AMBIENTAL,MASCULINO,54
2026,SEDE VALLE JEQUETEPEQUE,CIENCIAS AGROPECUARIAS,AGRONOMÍA,FEMENINO,26
2026,SEDE VALLE JEQUETEPEQUE,CIENCIAS AGROPECUARIAS,AGRONOMÍA,MASCULINO,68
2026,SEDE VALLE JEQUETEPEQUE,CIENCIAS AGROPECUARIAS,INGENIERÍA AGROINDUSTRIAL,FEMENINO,58
2026,SEDE VALLE JEQUETEPEQUE,CIENCIAS AGROPECUARIAS,INGENIERÍA AGROINDUSTRIAL,MASCULINO,63
2026,SEDE VALLE JEQUETEPEQUE,CIENCIAS ECONOMICAS,ADMINISTRACIÓN,FEMENINO,91
2026,SEDE VALLE JEQUETEPEQUE,CIENCIAS ECONOMICAS,ADMINISTRACIÓN,MASCULINO,47
2026,SEDE VALLE JEQUETEPEQUE,CIENCIAS ECONOMICAS,CONTABILIDAD Y FINANZAS,FEMENINO,82
2026,SEDE VALLE JEQUETEPEQUE,CIENCIAS ECONOMICAS,CONTABILIDAD Y FINANZAS,MASCULINO,60
2026,SEDE VALLE JEQUETEPEQUE,CIENCIAS FISICAS Y MATEMATICAS,INGENIERÍA INFORMÁTICA,FEMENINO,43
2026,SEDE VALLE JEQUETEPEQUE,CIENCIAS FISICAS Y MATEMATICAS,INGENIERÍA INFORMÁTICA,MASCULINO,141
2026,SEDE VALLE JEQUETEPEQUE,CIENCIAS SOCIALES,TRABAJO SOCIAL,FEMENINO,149
2026,SEDE VALLE JEQUETEPEQUE,CIENCIAS SOCIALES,TRABAJO SOCIAL,MASCULINO,15
2026,SEDE VALLE JEQUETEPEQUE,ENFERMERIA,ENFERMERÍA,FEMENINO,119
2026,SEDE VALLE JEQUETEPEQUE,ENFERMERIA,ENFERMERÍA,MASCULINO,22
2026,SEDE VALLE JEQUETEPEQUE,INGENIERIA,INGENIERÍA DE SISTEMAS,FEMENINO,28
2026,SEDE VALLE JEQUETEPEQUE,INGENIERIA,INGENIERÍA DE SISTEMAS,MASCULINO,117
2026,SEDE VALLE JEQUETEPEQUE,INGENIERIA,INGENIERÍA INDUSTRIAL,FEMENINO,70
2026,SEDE VALLE JEQUETEPEQUE,INGENIERIA,INGENIERÍA INDUSTRIAL,MASCULINO,93
2026,SEDE VALLE JEQUETEPEQUE,INGENIERIA,INGENIERÍA MECÁNICA,FEMENINO,4
2026,SEDE VALLE JEQUETEPEQUE,INGENIERIA,INGENIERÍA MECÁNICA,MASCULINO,110
